X1,country,date,eb_prev,pred_prev,sd_prev
1286,BE,2020-08-02,0.00259201651081398,0.00259201651081398,0.00117115095969277
1287,BE,2020-08-03,0.00147428727322168,0.00189321697933918,0.00117115095969277
1288,BE,2020-08-04,0.00129906202509431,0.00189321697933918,0.00117115095969277
1289,BE,2020-08-05,0.00120959845133146,0.00189321697933918,0.00117115095969277
1290,BE,2020-08-06,0.00101839121059079,0.00197708062478201,0.00117115095969277
1291,BE,2020-08-07,0.00117663077959314,0.00197708062478201,0.00117115095969277
1292,BE,2020-08-08,9.5510435879032e-4,0.00197708062478201,0.00117115095969277
1293,BE,2020-08-09,0.00108124125168585,0.00197708062478201,0.00117115095969277
1294,BE,2020-08-10,0.00135474650899343,0.00197708062478201,0.00117115095969277
1295,BE,2020-08-11,0.00174662131650413,0.00197708062478201,0.00117115095969277
1296,BE,2020-08-12,0.00155065041061993,0.00197708062478201,0.00117115095969277
1297,BE,2020-08-13,0.001342214693273,0.00197708062478201,0.00117115095969277
1298,BE,2020-08-14,0.00133460985361101,0.00197708062478201,0.00117115095969277
1299,BE,2020-08-15,0.00150938840849003,0.00197708062478201,0.00117115095969277
1300,BE,2020-08-16,0.00175329644735464,0.00197708062478201,0.00117115095969277
1301,BE,2020-08-17,0.00215891230804403,0.00215891230804403,0.00117115095969277
3457,RO,2020-08-02,0.00235183437129745,0.00294586547786381,0.00117115095969277
3458,RO,2020-08-03,0.00290406255667947,0.00294586547786381,0.00117115095969277
3459,RO,2020-08-04,0.00366224971637439,0.00366224971637439,0.00117115095969277
3460,RO,2020-08-05,0.0028611708460022,0.00294586547786381,0.00117115095969277
3461,RO,2020-08-06,0.00303774550080258,0.00314220805740804,0.00117115095969277
3462,RO,2020-08-07,0.00353665647372357,0.00353665647372357,0.00117115095969277
3463,RO,2020-08-08,0.00280929474133297,0.0034648817540779,0.00117115095969277
3464,RO,2020-08-09,0.00260386236758586,0.00357772689730621,0.00117115095969277
3465,RO,2020-08-10,0.00225282594396773,0.00357772689730621,0.00117115095969277
3466,RO,2020-08-11,0.00180475503349297,0.00357772689730621,0.00117115095969277
3467,RO,2020-08-12,0.00156985290407298,0.00357772689730621,0.00117115095969277
3468,RO,2020-08-13,0.00184590795705642,0.00357772689730621,0.00117115095969277
3469,RO,2020-08-14,0.00146135730691138,0.00357772689730621,0.00117115095969277
3470,RO,2020-08-15,0.00167536603450911,0.00357772689730621,0.00117115095969277
3471,RO,2020-08-16,0.00189849496951863,0.00357772689730621,0.00117115095969277
3472,RO,2020-08-17,0.00197377382714696,0.00357772689730621,0.00117115095969277
3473,RO,2020-08-18,0.002620178345846,0.00357772689730621,0.00117115095969277
3474,RO,2020-08-19,0.00355196164793713,0.00357772689730621,0.00117115095969277
3475,RO,2020-08-20,0.00341757453828763,0.00357772689730621,0.00117115095969277
3476,RO,2020-08-21,0.00387717155207838,0.00387717155207838,0.00117115095969277
3477,RO,2020-08-22,0.00401929296231149,0.00401929296231149,0.00117115095969277
3478,RO,2020-08-23,0.00378116277475757,0.00378116277475757,0.00117115095969277
3479,RO,2020-08-24,0.00391027996304539,0.00391027996304539,0.00117115095969277
3480,RO,2020-08-25,0.00327784986329923,0.00354058982560269,0.00117115095969277
3481,RO,2020-08-26,0.00179645840913831,0.0035911353594603,0.00117115095969277
3482,RO,2020-08-27,0.00178046230910572,0.0035911353594603,0.00117115095969277
3483,RO,2020-08-28,8.06595752210636e-4,0.00351997801310554,0.00117115095969277
3484,RO,2020-08-29,6.44108598893072e-4,0.00351997801310554,0.00117115095969277
3485,RO,2020-08-30,0.00115466456376149,0.00351997801310554,0.00117115095969277
3486,RO,2020-08-31,0.00129331597210735,0.00351997801310554,0.00117115095969277
3487,RO,2020-09-01,0.00171253272074814,0.00351997801310554,0.00117115095969277
3488,RO,2020-09-02,0.00172759386003823,0.00351997801310554,0.00117115095969277
3489,RO,2020-09-03,0.00172973189495781,0.00351997801310554,0.00117115095969277
3490,RO,2020-09-04,0.00228571004283272,0.00351997801310554,0.00117115095969277
3491,RO,2020-09-05,0.00316541522141198,0.00371479066474492,0.00117115095969277
3492,RO,2020-09-06,0.00401653358675792,0.00401653358675792,0.00117115095969277
3493,RO,2020-09-07,0.00465649446686709,0.00465649446686709,0.00117115095969277
3494,RO,2020-09-08,0.00447433805131026,0.00447433805131026,0.00117115095969277
3495,RO,2020-09-09,0.00430732584528297,0.00430732584528297,0.00117115095969277
3496,RO,2020-09-10,0.00431438771784278,0.00431438771784278,0.00117115095969277
3497,RO,2020-09-11,0.00611157923947499,0.00611157923947499,0.00117115095969277
3498,RO,2020-09-12,0.00443517522038247,0.00443517522038247,0.00117115095969277
3499,RO,2020-09-13,0.00361212308207551,0.00366742778363206,0.00117115095969277
3500,RO,2020-09-14,0.00373913416744504,0.00373913416744504,0.00117115095969277
3501,RO,2020-09-15,0.00400622251829608,0.00400622251829608,0.00117115095969277
3502,RO,2020-09-16,0.00468037655006042,0.00468037655006042,0.00117115095969277
3503,RO,2020-09-17,0.00567521066239683,0.00567521066239683,0.00117115095969277
3504,RO,2020-09-18,0.00688228804817521,0.00688228804817521,0.00117115095969277
3505,RO,2020-09-19,0.00676409281728249,0.00676409281728249,0.00117115095969277
3506,RO,2020-09-20,0.00780915464773192,0.00780915464773192,0.00117115095969277
3507,RO,2020-09-21,0.00745991471699763,0.00745991471699763,0.00117115095969277
3508,RO,2020-09-22,0.00768894088579329,0.00768894088579329,0.00117115095969277
3509,RO,2020-09-23,0.00844446140245681,0.00844446140245681,0.00117115095969277
3510,RO,2020-09-24,0.00815219676861455,0.00815219676861455,0.00117115095969277
3511,RO,2020-09-25,0.00695793465307037,0.00695793465307037,0.00117115095969277
3512,RO,2020-09-26,0.00770500896269769,0.00770500896269769,0.00117115095969277
3513,RO,2020-09-27,0.00721917937721869,0.00721917937721869,0.00117115095969277
4446,CZ,2020-08-02,8.19672152946401e-4,0.00516264950799509,0.00117115095969277
4447,CZ,2020-08-03,0.00175931938296922,0.00467625109508197,0.00117115095969277
4448,CZ,2020-08-04,0.00255620443106508,0.00467625109508197,0.00117115095969277
4449,CZ,2020-08-05,0.00324880534949176,0.00467625109508197,0.00117115095969277
4450,CZ,2020-08-06,0.00336923514533933,0.00488904620917295,0.00117115095969277
4451,CZ,2020-08-07,0.00286328088937802,0.00592868499157961,0.00117115095969277
4452,CZ,2020-08-08,0.00455947278319951,0.00631969484451107,0.00117115095969277
4453,CZ,2020-08-09,0.00456979047502781,0.00631969484451107,0.00117115095969277
4454,CZ,2020-08-10,0.0060020816547435,0.00631969484451107,0.00117115095969277
4455,CZ,2020-08-11,0.00529786283102385,0.00631969484451107,0.00117115095969277
4456,CZ,2020-08-12,0.00730814357639646,0.00730814357639646,0.00117115095969277
4457,CZ,2020-08-13,0.00837907528983938,0.00837907528983938,0.00117115095969277
4458,CZ,2020-08-14,0.00907690301806539,0.00907690301806539,0.00117115095969277
4459,CZ,2020-08-15,0.0085634777372568,0.0085634777372568,0.00117115095969277
4460,CZ,2020-08-16,0.00955580399834473,0.00955580399834473,0.00117115095969277
4461,CZ,2020-08-17,0.00836476708924701,0.00836476708924701,0.00117115095969277
6417,IL,2020-08-02,1.52903763116322e-9,0.00240006248023375,0.00117115095969277
6418,IL,2020-08-03,6.08628392131033e-4,0.00240006248023375,0.00117115095969277
6419,IL,2020-08-04,0.00144579172303697,0.00240006248023375,0.00117115095969277
6420,IL,2020-08-05,0.00208311291368906,0.00251177990638612,0.00117115095969277
6421,IL,2020-08-06,0.00248478641814044,0.00265645354220697,0.00117115095969277
6422,IL,2020-08-07,0.00268752021882386,0.00268752021882386,0.00117115095969277
6423,IL,2020-08-08,0.00273544173599927,0.00273544173599927,0.00117115095969277
6424,IL,2020-08-09,0.00266685827531661,0.00266685827531661,0.00117115095969277
6425,IL,2020-08-10,0.00251403359785659,0.00265645354220697,0.00117115095969277
6426,IL,2020-08-11,0.00227704901904455,0.00265645354220697,0.00117115095969277
6427,IL,2020-08-12,0.00206560171435606,0.00265645354220697,0.00117115095969277
6428,IL,2020-08-13,0.00190914095889531,0.00265645354220697,0.00117115095969277
6429,IL,2020-08-14,0.00289892261684704,0.00289892261684704,0.00117115095969277
6430,IL,2020-08-15,0.00301082716100126,0.00301082716100126,0.00117115095969277
6431,IL,2020-08-16,0.003241684000868,0.003241684000868,0.00117115095969277
6432,IL,2020-08-17,0.00354254838817002,0.00354254838817002,0.00117115095969277
6433,IL,2020-08-18,0.00373059286859022,0.00373059286859022,0.00117115095969277
6434,IL,2020-08-19,0.00397962000163775,0.00397962000163775,0.00117115095969277
6435,IL,2020-08-20,0.0037611639001832,0.0037611639001832,0.00117115095969277
6436,IL,2020-08-21,0.0024551854732135,0.00265645354220697,0.00117115095969277
6437,IL,2020-08-22,0.00233414639447717,0.00265645354220697,0.00117115095969277
6438,IL,2020-08-23,0.00217666636209708,0.00265645354220697,0.00117115095969277
6439,IL,2020-08-24,0.00210740581683689,0.00265645354220697,0.00117115095969277
6440,IL,2020-08-25,0.00181468242667089,0.00265645354220697,0.00117115095969277
6441,IL,2020-08-26,0.00172895225068315,0.00265645354220697,0.00117115095969277
6442,IL,2020-08-27,0.00165569258632878,0.00265645354220697,0.00117115095969277
6443,IL,2020-08-28,0.00150009710521186,0.00265645354220697,0.00117115095969277
6444,IL,2020-08-29,0.00304106020643723,0.00304106020643723,0.00117115095969277
6445,IL,2020-08-30,0.00281427471792724,0.00281427471792724,0.00117115095969277
6446,IL,2020-08-31,0.00358387357793226,0.00358387357793226,0.00117115095969277
6447,IL,2020-09-01,0.00347033476587637,0.00347033476587637,0.00117115095969277
6448,IL,2020-09-02,0.00333042599666444,0.00333042599666444,0.00117115095969277
6449,IL,2020-09-03,0.00379939715083923,0.00379939715083923,0.00117115095969277
6450,IL,2020-09-04,0.00433731401540435,0.00433731401540435,0.00117115095969277
6451,IL,2020-09-05,0.00307459759252068,0.00307459759252068,0.00117115095969277
6452,IL,2020-09-06,0.00302811381483235,0.00302811381483235,0.00117115095969277
6453,IL,2020-09-07,0.00195624368665871,0.00250566108709186,0.00117115095969277
6454,IL,2020-09-08,0.00191514880790544,0.00250566108709186,0.00117115095969277
6455,IL,2020-09-09,0.00197209608727575,0.00250566108709186,0.00117115095969277
6456,IL,2020-09-10,0.00122341928412833,0.00236791518663092,0.00117115095969277
6457,IL,2020-09-11,5.32263146827142e-4,0.00236791518663092,0.00117115095969277
6458,IL,2020-09-12,5.61139595941894e-4,0.00236791518663092,0.00117115095969277
6459,IL,2020-09-13,5.84674854276421e-4,0.00236791518663092,0.00117115095969277
9497,BG,2020-08-02,0.0201342217957706,0.0201342217957706,0.00117115095969277
9498,BG,2020-08-03,0.0197592603430166,0.0197592603430166,0.00117115095969277
9499,BG,2020-08-04,0.0161708256870559,0.0161708256870559,0.00117115095969277
9500,BG,2020-08-05,0.0168302403326839,0.0168302403326839,0.00117115095969277
9501,BG,2020-08-06,0.0148834529864143,0.0148834529864143,0.00117115095969277
9502,BG,2020-08-07,0.0111407167369461,0.0114171371890247,0.00117115095969277
9503,BG,2020-08-08,0.00807018806463716,0.00946047225326783,0.00117115095969277
9504,BG,2020-08-09,0.00679974488527179,0.00897271898066898,0.00117115095969277
9505,BG,2020-08-10,0.00547652430435127,0.00897271898066898,0.00117115095969277
9506,BG,2020-08-11,0.00379117676062899,0.00897271898066898,0.00117115095969277
10268,NL,2020-09-01,0.00124761347619517,0.00330586919434477,0.00117115095969277
10269,NL,2020-09-02,0.00126450703645409,0.00330586919434477,0.00117115095969277
10270,NL,2020-09-03,0.00127029212831056,0.00330586919434477,0.00117115095969277
10271,NL,2020-09-04,0.00271318274423851,0.00330586919434477,0.00117115095969277
10272,NL,2020-09-05,0.0025910458224602,0.00327172091488273,0.00117115095969277
10273,NL,2020-09-06,0.00257008181235359,0.00327172091488273,0.00117115095969277
10274,NL,2020-09-07,0.00341689605591861,0.00341689605591861,0.00117115095969277
10275,NL,2020-09-08,0.00278733652383853,0.00302288611448578,0.00117115095969277
10276,NL,2020-09-09,0.00278629949292295,0.00303841546145352,0.00117115095969277
10277,NL,2020-09-10,0.00262068188636376,0.00297552323337291,0.00117115095969277
10278,NL,2020-09-11,0.00136541073608711,0.00285265026760383,0.00117115095969277
10279,NL,2020-09-12,0.0012537162746228,0.00285265026760383,0.00117115095969277
10280,NL,2020-09-13,0.00206468154093804,0.00285265026760383,0.00117115095969277
10281,NL,2020-09-14,0.00178702201767457,0.00285265026760383,0.00117115095969277
10282,NL,2020-09-15,0.00325249662893689,0.00325249662893689,0.00117115095969277
10283,NL,2020-09-16,0.00288152451811593,0.0031691398397545,0.00117115095969277
10284,NL,2020-09-17,0.00338844764048374,0.00403567194682508,0.00117115095969277
10285,NL,2020-09-18,0.00400403514130467,0.00437147975301551,0.00117115095969277
10286,NL,2020-09-19,0.00540867188898404,0.00540867188898404,0.00117115095969277
10287,NL,2020-09-20,0.00504631270304478,0.00504631270304478,0.00117115095969277
10288,NL,2020-09-21,0.00462016988308607,0.00462016988308607,0.00117115095969277
10289,NL,2020-09-22,0.00367638866562476,0.00437147975301551,0.00117115095969277
10290,NL,2020-09-23,0.00483242875594058,0.00483242875594058,0.00117115095969277
10291,NL,2020-09-24,0.00465641681203579,0.00465641681203579,0.00117115095969277
10292,NL,2020-09-25,0.00431838132841495,0.00431838132841495,0.00117115095969277
10293,NL,2020-09-26,0.00285933861248703,0.00384853152771875,0.00117115095969277
10294,NL,2020-09-27,0.00227473866905341,0.00387600759282084,0.00117115095969277
10295,NL,2020-09-28,0.00220456434124852,0.00387600759282084,0.00117115095969277
10296,NL,2020-09-29,0.00272702631632516,0.00387600759282084,0.00117115095969277
10297,NL,2020-09-30,0.00288553800475787,0.00387600759282084,0.00117115095969277
10298,NL,2020-10-01,0.00333348169335991,0.00387600759282084,0.00117115095969277
10299,NL,2020-10-02,0.00571411797167664,0.00571411797167664,0.00117115095969277
10300,NL,2020-10-03,0.00798254182916721,0.00798254182916721,0.00117115095969277
10301,NL,2020-10-04,0.00788340029366528,0.00788340029366528,0.00117115095969277
10302,NL,2020-10-05,0.008314164057363,0.008314164057363,0.00117115095969277
10303,NL,2020-10-06,0.00825753564353006,0.00825753564353006,0.00117115095969277
10304,NL,2020-10-07,0.00733402161607525,0.00733402161607525,0.00117115095969277
10305,NL,2020-10-08,0.00777056328609338,0.00777056328609338,0.00117115095969277
10306,NL,2020-10-09,0.00494350129180809,0.00534102546495568,0.00117115095969277
10307,NL,2020-10-10,0.00384901124561935,0.00534102546495568,0.00117115095969277
10308,NL,2020-10-11,0.00430758994026939,0.00536382787963532,0.00117115095969277
10309,NL,2020-10-12,0.0045233523953329,0.00536382787963532,0.00117115095969277
10310,NL,2020-10-13,0.00505655839181365,0.00536382787963532,0.00117115095969277
10311,NL,2020-10-14,0.00514800334259033,0.00536382787963532,0.00117115095969277
10312,NL,2020-10-15,0.00347755959243926,0.00536382787963532,0.00117115095969277
10313,NL,2020-10-16,0.00478676250323338,0.00536382787963532,0.00117115095969277
10314,NL,2020-10-17,0.00528200474350041,0.0054975493244894,0.00117115095969277
10315,NL,2020-10-18,0.00525622510626775,0.00580637545811633,0.00117115095969277
10316,NL,2020-10-19,0.00513626317373272,0.00616780712374471,0.00117115095969277
10317,NL,2020-10-20,0.00490460633427715,0.00616780712374471,0.00117115095969277
10318,NL,2020-10-21,0.00556150728016101,0.00616780712374471,0.00117115095969277
10319,NL,2020-10-22,0.00672380458759692,0.00672380458759692,0.00117115095969277
10320,NL,2020-10-23,0.00691017976007233,0.00717554874617729,0.00117115095969277
10321,NL,2020-10-24,0.00711865450773574,0.00742531597361198,0.00117115095969277
10322,NL,2020-10-25,0.00735821387674661,0.00748908425418574,0.00117115095969277
10323,NL,2020-10-26,0.00835810819496817,0.00835810819496817,0.00117115095969277
10324,NL,2020-10-27,0.00795978210113145,0.00795978210113145,0.00117115095969277
10325,NL,2020-10-28,0.00757202977594323,0.00757202977594323,0.00117115095969277
10326,NL,2020-10-29,0.00857888457116583,0.00857888457116583,0.00117115095969277
10327,NL,2020-10-30,0.00848811374419435,0.00848811374419435,0.00117115095969277
10328,NL,2020-10-31,0.0074360615332848,0.00761585972222343,0.00117115095969277
10329,NL,2020-11-01,0.007928650040058,0.007928650040058,0.00117115095969277
10330,NL,2020-11-02,0.00749346275966037,0.00780291639775646,0.00117115095969277
11049,PL,2020-08-02,0.00126422249187078,0.00297897636581814,0.00117115095969277
11050,PL,2020-08-03,0.0011700341836092,0.00297897636581814,0.00117115095969277
11051,PL,2020-08-04,6.8183065132539e-4,0.00297897636581814,0.00117115095969277
11052,PL,2020-08-05,0.00126421042003941,0.00297897636581814,0.00117115095969277
11053,PL,2020-08-06,0.00143909261917546,0.00319828284781271,0.00117115095969277
11054,PL,2020-08-07,0.0015637224488334,0.00355894344866781,0.00117115095969277
11055,PL,2020-08-08,0.00163494246273385,0.00370862528483511,0.00117115095969277
11056,PL,2020-08-09,0.0017605559892604,0.00370862528483511,0.00117115095969277
11057,PL,2020-08-10,0.00181651706706887,0.00370862528483511,0.00117115095969277
11058,PL,2020-08-11,0.00190718211903987,0.00370862528483511,0.00117115095969277
11059,PL,2020-08-12,0.00145644251149518,0.00370862528483511,0.00117115095969277
11060,PL,2020-08-13,0.00135438265327328,0.00370862528483511,0.00117115095969277
11061,PL,2020-08-14,0.0013316448828171,0.00370862528483511,0.00117115095969277
11062,PL,2020-08-15,0.00143560397726198,0.00370862528483511,0.00117115095969277
11063,PL,2020-08-16,0.00160789731213897,0.00370862528483511,0.00117115095969277
11064,PL,2020-08-17,0.00180144398999052,0.00370862528483511,0.00117115095969277
11065,PL,2020-08-18,0.00200401719219281,0.00370862528483511,0.00117115095969277
11066,PL,2020-08-19,0.00202074028630654,0.00370862528483511,0.00117115095969277
11067,PL,2020-08-20,0.00203365579293773,0.00370862528483511,0.00117115095969277
11068,PL,2020-08-21,0.00209692576740535,0.00370862528483511,0.00117115095969277
11069,PL,2020-08-22,0.00208633181528261,0.00370862528483511,0.00117115095969277
11070,PL,2020-08-23,0.00199738626455942,0.00370862528483511,0.00117115095969277
11071,PL,2020-08-24,0.00205961303851569,0.00370862528483511,0.00117115095969277
11072,PL,2020-08-25,0.00207891862468395,0.00386499812817154,0.00117115095969277
11073,PL,2020-08-26,0.00213350393921188,0.00405560356931165,0.00117115095969277
11074,PL,2020-08-27,0.00215348222940847,0.00405560356931165,0.00117115095969277
11075,PL,2020-08-28,0.00199184017764287,0.00398444622295689,0.00117115095969277
11076,PL,2020-08-29,0.00200890564614392,0.00398444622295689,0.00117115095969277
11077,PL,2020-08-30,0.00188853869885246,0.00398444622295689,0.00117115095969277
11078,PL,2020-08-31,0.00233973678456136,0.00398444622295689,0.00117115095969277
11079,PL,2020-09-01,0.00273261148671101,0.00398444622295689,0.00117115095969277
11080,PL,2020-09-02,0.00329646943422165,0.00398444622295689,0.00117115095969277
11081,PL,2020-09-03,0.00400725647563105,0.00400725647563105,0.00117115095969277
11082,PL,2020-09-04,0.00470268822418133,0.00470268822418133,0.00117115095969277
11083,PL,2020-09-05,0.00454586365941135,0.00454586365941135,0.00117115095969277
11084,PL,2020-09-06,0.00461785164802165,0.00461785164802165,0.00117115095969277
11085,PL,2020-09-07,0.00396914527716927,0.00414173659309958,0.00117115095969277
11086,PL,2020-09-08,0.00447907562844954,0.00447907562844954,0.00117115095969277
11087,PL,2020-09-09,0.00354550245613582,0.00390843113967036,0.00117115095969277
11088,PL,2020-09-10,0.00313085509846762,0.00384553891158975,0.00117115095969277
11089,PL,2020-09-11,0.00302535738917083,0.00384553891158975,0.00117115095969277
11090,PL,2020-09-12,0.00291590222077505,0.00384553891158975,0.00117115095969277
11091,PL,2020-09-13,0.00237357965704578,0.00384553891158975,0.00117115095969277
11092,PL,2020-09-14,0.0024357313118096,0.00384553891158975,0.00117115095969277
11093,PL,2020-09-15,0.00177543003597849,0.00384553891158975,0.00117115095969277
11094,PL,2020-09-16,0.00271347931306629,0.0041620284837404304,0.00117115095969277
11095,PL,2020-09-17,0.00419028895666385,0.00528139525445959,0.00117115095969277
11096,PL,2020-09-18,0.00443554002671306,0.00528139525445959,0.00117115095969277
11097,PL,2020-09-19,0.00678043906279345,0.00678043906279345,0.00117115095969277
11098,PL,2020-09-20,0.00792384523788369,0.00792384523788369,0.00117115095969277
11099,PL,2020-09-21,0.00801679466596111,0.00801679466596111,0.00117115095969277
11100,PL,2020-09-22,0.0106297887793443,0.0106297887793443,0.00117115095969277
11101,PL,2020-09-23,0.0100369357680101,0.0100369357680101,0.00117115095969277
11102,PL,2020-09-24,0.00970010893839564,0.00970010893839564,0.00117115095969277
11103,PL,2020-09-25,0.0105241136898408,0.0105241136898408,0.00117115095969277
11104,PL,2020-09-26,0.0100224166492803,0.0100224166492803,0.00117115095969277
11105,PL,2020-09-27,0.0115535729179868,0.0115535729179868,0.00117115095969277
11106,PL,2020-09-28,0.0122649055086658,0.0122649055086658,0.00117115095969277
11107,PL,2020-09-29,0.011554351132762,0.011554351132762,0.00117115095969277
11108,PL,2020-09-30,0.0126596394678816,0.0126596394678816,0.00117115095969277
11109,PL,2020-10-01,0.0137333634535896,0.0137333634535896,0.00117115095969277
11110,PL,2020-10-02,0.0142252711073178,0.0142252711073178,0.00117115095969277
12101,ES,2020-08-02,0.00165562909188652,0.00283960458471218,0.00117115095969277
12102,ES,2020-08-03,0.00341485676540321,0.00341485676540321,0.00117115095969277
12103,ES,2020-08-04,0.00521486445779009,0.00521486445779009,0.00117115095969277
12104,ES,2020-08-05,0.00544261826305379,0.00544261826305379,0.00117115095969277
12105,ES,2020-08-06,0.00483591389146638,0.00483591389146638,0.00117115095969277
12106,ES,2020-08-07,0.00510191029643714,0.00510191029643714,0.00117115095969277
12107,ES,2020-08-08,0.00464182414511959,0.00464182414511959,0.00117115095969277
12108,ES,2020-08-09,0.00446860969027621,0.00446860969027621,0.00117115095969277
12109,ES,2020-08-10,0.00321345186593528,0.00321345186593528,0.00117115095969277
12110,ES,2020-08-11,0.00208315094421334,0.00316903621147326,0.00117115095969277
12111,ES,2020-08-12,0.0015922798152821,0.00316903621147326,0.00117115095969277
12112,ES,2020-08-13,0.00137587852625595,0.00316903621147326,0.00117115095969277
12113,ES,2020-08-14,0.00143442301580934,0.00316903621147326,0.00117115095969277
12114,ES,2020-08-15,0.00156841172543035,0.00316903621147326,0.00117115095969277
12115,ES,2020-08-16,0.00177153665360588,0.00316903621147326,0.00117115095969277
12116,ES,2020-08-17,0.00182899318830384,0.00316903621147326,0.00117115095969277
1302,BE,2020-08-18,0.00850704038579709,0.00850704038579709,0.00117115095969277
1303,BE,2020-08-19,0.00804308257866092,0.00804308257866092,0.00117115095969277
1304,BE,2020-08-20,0.00360902625143127,0.00360902625143127,0.00117115095969277
1305,BE,2020-08-21,0.00320442938771443,0.00320442938771443,0.00117115095969277
1306,BE,2020-08-22,0.0024570684880065,0.0024570684880065,0.00117115095969277
1307,BE,2020-08-23,0.0021979613696015,0.0021979613696015,0.00117115095969277
1308,BE,2020-08-24,0.00216670067828973,0.00216670067828973,0.00117115095969277
1309,BE,2020-08-25,0.00132147910246301,0.00197708062478201,0.00117115095969277
1310,BE,2020-08-26,0.00125247912439335,0.00197708062478201,0.00117115095969277
1311,BE,2020-08-27,0.00117647132010615,0.00197708062478201,0.00117115095969277
1312,BE,2020-08-28,9.86985866719893e-4,0.00197708062478201,0.00117115095969277
1313,BE,2020-08-29,0.0011398040846832,0.00197708062478201,0.00117115095969277
1314,BE,2020-08-30,0.00138363758927439,0.00197708062478201,0.00117115095969277
1315,BE,2020-08-31,0.00109896874665815,0.00197708062478201,0.00117115095969277
1316,BE,2020-09-01,0.00167136568000589,0.00197708062478201,0.00117115095969277
1317,BE,2020-09-02,0.00196327693777973,0.00197708062478201,0.00117115095969277
1318,BE,2020-09-03,0.00239804298278023,0.00239804298278023,0.00117115095969277
1319,BE,2020-09-04,0.00298689347362286,0.00298689347362286,0.00117115095969277
1320,BE,2020-09-05,0.00360343558510707,0.00360343558510707,0.00117115095969277
1321,BE,2020-09-06,0.00337075397856991,0.00337075397856991,0.00117115095969277
1322,BE,2020-09-07,0.00372894009182949,0.00372894009182949,0.00117115095969277
1323,BE,2020-09-08,0.00390556043681078,0.00390556043681078,0.00117115095969277
1324,BE,2020-09-09,0.00394216670484232,0.00394216670484232,0.00117115095969277
1325,BE,2020-09-10,0.00385495606215523,0.00385495606215523,0.00117115095969277
1326,BE,2020-09-11,0.00370336806535869,0.00370336806535869,0.00117115095969277
1327,BE,2020-09-12,0.00338200183891945,0.00338200183891945,0.00117115095969277
1328,BE,2020-09-13,0.00307929499495237,0.00307929499495237,0.00117115095969277
1329,BE,2020-09-14,0.00279948677371428,0.00279948677371428,0.00117115095969277
1330,BE,2020-09-15,0.00269974449769064,0.00269974449769064,0.00117115095969277
1331,BE,2020-09-16,0.00232611411238891,0.00232611411238891,0.00117115095969277
1332,BE,2020-09-17,0.00217379750651908,0.00217379750651908,0.00117115095969277
1333,BE,2020-09-18,0.00249808792850239,0.00249808792850239,0.00117115095969277
1334,BE,2020-09-19,0.00277264991030428,0.00277264991030428,0.00117115095969277
1335,BE,2020-09-20,0.00266931904483436,0.00266931904483436,0.00117115095969277
1336,BE,2020-09-21,0.00237449180644351,0.00237449180644351,0.00117115095969277
1337,BE,2020-09-22,0.00162741950116049,0.00219714821591069,0.00117115095969277
1338,BE,2020-09-23,0.00166276434170514,0.00219714821591069,0.00117115095969277
1339,BE,2020-09-24,0.00150334655981916,0.00244433148628092,0.00117115095969277
1340,BE,2020-09-25,0.00147764228495315,0.00257647892787228,0.00117115095969277
1341,BE,2020-09-26,0.00126679639704512,0.00257647892787228,0.00117115095969277
1342,BE,2020-09-27,0.00195458466451754,0.00277311860276973,0.00117115095969277
1343,BE,2020-09-28,0.00198148704799404,0.00297307976917031,0.00117115095969277
1344,BE,2020-09-29,0.00217616764414355,0.00297307976917031,0.00117115095969277
1345,BE,2020-09-30,0.00215548526831877,0.00297307976917031,0.00117115095969277
1346,BE,2020-10-01,0.00279095631506486,0.00297307976917031,0.00117115095969277
1347,BE,2020-10-02,0.002878774826155,0.00297307976917031,0.00117115095969277
1348,BE,2020-10-03,0.00390270535921986,0.00390270535921986,0.00117115095969277
1349,BE,2020-10-04,0.00445588807540944,0.00445588807540944,0.00117115095969277
1350,BE,2020-10-05,0.00420913798772487,0.00420913798772487,0.00117115095969277
1351,BE,2020-10-06,0.00474390507092277,0.00474390507092277,0.00117115095969277
1352,BE,2020-10-07,0.00444278060311009,0.00447384197805144,0.00117115095969277
1353,BE,2020-10-08,0.00589100229955656,0.00589100229955656,0.00117115095969277
1354,BE,2020-10-09,0.00732542027788682,0.00732542027788682,0.00117115095969277
1355,BE,2020-10-10,0.00750737712153728,0.00750737712153728,0.00117115095969277
1356,BE,2020-10-11,0.00782338616025868,0.00782338616025868,0.00117115095969277
1357,BE,2020-10-12,0.00797568554840606,0.00797568554840606,0.00117115095969277
1358,BE,2020-10-13,0.00679216427579037,0.00679216427579037,0.00117115095969277
1359,BE,2020-10-14,0.00769689261401359,0.00769689261401359,0.00117115095969277
1360,BE,2020-10-15,0.0067284916694222,0.0067284916694222,0.00117115095969277
1361,BE,2020-10-16,0.00624695798549004,0.00624695798549004,0.00117115095969277
1362,BE,2020-10-17,0.00833480694093473,0.00833480694093473,0.00117115095969277
1363,BE,2020-10-18,0.00852921512831753,0.00852921512831753,0.00117115095969277
1364,BE,2020-10-19,0.00914153461737873,0.00914153461737873,0.00117115095969277
1365,BE,2020-10-20,0.00858733137551095,0.00858733137551095,0.00117115095969277
1366,BE,2020-10-21,0.00765572916005385,0.00765572916005385,0.00117115095969277
1367,BE,2020-10-22,0.00784079488158241,0.00784079488158241,0.00117115095969277
1368,BE,2020-10-23,0.00763071850534171,0.00763071850534171,0.00117115095969277
1369,BE,2020-10-24,0.00429712719183972,0.00771122040145111,0.00117115095969277
1370,BE,2020-10-25,0.00379693488405362,0.00816542958130733,0.00117115095969277
1371,BE,2020-10-26,0.00365347543731709,0.00842101031435182,0.00117115095969277
1372,BE,2020-10-27,0.00431755439388826,0.00876915605217761,0.00117115095969277
1373,BE,2020-10-28,0.00448553580138658,0.00876915605217761,0.00117115095969277
1374,BE,2020-10-29,0.00539367376868996,0.00876915605217761,0.00117115095969277
1375,BE,2020-10-30,0.00452998375820388,0.00876915605217761,0.00117115095969277
1376,BE,2020-10-31,0.00437177216132004,0.00876915605217761,0.00117115095969277
1377,BE,2020-11-01,0.00526649700971526,0.00876915605217761,0.00117115095969277
1378,BE,2020-11-02,0.00619694582204946,0.00876915605217761,0.00117115095969277
1462,SE,2020-08-02,6.23830354292867e-4,0.00609182813930544,0.00117115095969277
1463,SE,2020-08-03,6.27155881860238e-4,0.00609182813930544,0.00117115095969277
1464,SE,2020-08-04,5.99700180425724e-4,0.00609182813930544,0.00117115095969277
1465,SE,2020-08-05,8.64802556048276e-4,0.00609182813930544,0.00117115095969277
1466,SE,2020-08-06,8.62564709280383e-4,0.00609182813930544,0.00117115095969277
1467,SE,2020-08-07,5.52486210388658e-4,0.00609182813930544,0.00117115095969277
1468,SE,2020-08-08,5.75208533522183e-4,0.00609182813930544,0.00117115095969277
1469,SE,2020-08-09,5.84282810946865e-4,0.00609182813930544,0.00117115095969277
1470,SE,2020-08-10,5.64971764529917e-4,0.00609182813930544,0.00117115095969277
1471,SE,2020-08-11,6.04594917056861e-4,0.00609182813930544,0.00117115095969277
1472,SE,2020-08-12,3.49161998981774e-4,0.00609182813930544,0.00117115095969277
1473,SE,2020-08-13,7.5471695265219e-4,0.00609182813930544,0.00117115095969277
1474,SE,2020-08-14,7.55331579104999e-4,0.00609182813930544,0.00117115095969277
1475,SE,2020-08-15,7.69158403734701e-4,0.00609182813930544,0.00117115095969277
1476,SE,2020-08-16,0.00121102160492878,0.00609182813930544,0.00117115095969277
1477,SE,2020-08-17,0.00140903170079447,0.00609182813930544,0.00117115095969277
1478,SE,2020-08-18,0.00120065683065842,0.00609182813930544,0.00117115095969277
1479,SE,2020-08-19,0.00131632233015559,0.00609182813930544,0.00117115095969277
1480,SE,2020-08-20,8.61156925830096e-4,0.00609182813930544,0.00117115095969277
1481,SE,2020-08-21,9.40191814989934e-4,0.00609182813930544,0.00117115095969277
1482,SE,2020-08-22,9.02733993645229e-4,0.00609182813930544,0.00117115095969277
1483,SE,2020-08-23,0.00104778156452866,0.00609182813930544,0.00117115095969277
1484,SE,2020-08-24,0.00114863857666629,0.00609182813930544,0.00117115095969277
1485,SE,2020-08-25,0.00127612797072946,0.00609182813930544,0.00117115095969277
1486,SE,2020-08-26,0.00112820198394918,0.00609182813930544,0.00117115095969277
1487,SE,2020-08-27,0.0013558521849951,0.00609182813930544,0.00117115095969277
1488,SE,2020-08-28,0.00206955513865896,0.00609182813930544,0.00117115095969277
1489,SE,2020-08-29,0.00233483332460408,0.00609182813930544,0.00117115095969277
1490,SE,2020-08-30,0.00224627657160143,0.00609182813930544,0.00117115095969277
1491,SE,2020-08-31,0.00210745216843164,0.00609182813930544,0.00117115095969277
1492,SE,2020-09-01,0.00218485180260445,0.00609182813930544,0.00117115095969277
1493,SE,2020-09-02,0.00222302239043771,0.00609182813930544,0.00117115095969277
1494,SE,2020-09-03,0.0019940387411698,0.00609182813930544,0.00117115095969277
1495,SE,2020-09-04,0.00181288084867548,0.00609182813930544,0.00117115095969277
1496,SE,2020-09-05,0.00192194717028149,0.00609182813930544,0.00117115095969277
1497,SE,2020-09-06,0.00187153278824232,0.00609182813930544,0.00117115095969277
1498,SE,2020-09-07,0.00198136954035155,0.00609182813930544,0.00117115095969277
1499,SE,2020-09-08,0.00195704586632854,0.00609182813930544,0.00117115095969277
1500,SE,2020-09-09,0.00211726415984902,0.00609182813930544,0.00117115095969277
1501,SE,2020-09-10,0.002313549692832,0.00609182813930544,0.00117115095969277
1502,SE,2020-09-11,0.00219234621011217,0.00609182813930544,0.00117115095969277
1503,SE,2020-09-12,0.00215767330786638,0.00609182813930544,0.00117115095969277
1504,SE,2020-09-13,0.00217753180933518,0.00609182813930544,0.00117115095969277
1505,SE,2020-09-14,0.00213697657530866,0.00609182813930544,0.00117115095969277
1506,SE,2020-09-15,0.00178849299907385,0.00609182813930544,0.00117115095969277
1507,SE,2020-09-16,0.00142648067059764,0.00609182813930544,0.00117115095969277
1508,SE,2020-09-17,0.00120454739126643,0.00609182813930544,0.00117115095969277
1509,SE,2020-09-18,0.0012737771694244,0.00609182813930544,0.00117115095969277
1510,SE,2020-09-19,0.00128865125505959,0.00609182813930544,0.00117115095969277
1511,SE,2020-09-20,0.00131729480114984,0.00609182813930544,0.00117115095969277
1512,SE,2020-09-21,0.00204175310169945,0.00609182813930544,0.00117115095969277
1513,SE,2020-09-22,0.00194828468309026,0.00609182813930544,0.00117115095969277
1514,SE,2020-09-23,0.001981244021927,0.00609182813930544,0.00117115095969277
1515,SE,2020-09-24,0.0019760293066013,0.00609182813930544,0.00117115095969277
1516,SE,2020-09-25,0.00192023781515483,0.00609182813930544,0.00117115095969277
1517,SE,2020-09-26,0.00182821365457859,0.00609182813930544,0.00117115095969277
1518,SE,2020-09-27,0.00180060677266413,0.00609182813930544,0.00117115095969277
1519,SE,2020-09-28,0.00115439029808878,0.00609182813930544,0.00117115095969277
1520,SE,2020-09-29,0.00126402745864469,0.00609182813930544,0.00117115095969277
1521,SE,2020-09-30,0.00150672094714245,0.00609182813930544,0.00117115095969277
1522,SE,2020-10-01,0.00168352209193156,0.00609182813930544,0.00117115095969277
1523,SE,2020-10-02,0.00176635401467463,0.00609182813930544,0.00117115095969277
1524,SE,2020-10-03,0.00177439741423768,0.00609182813930544,0.00117115095969277
1525,SE,2020-10-04,0.0016946365818128,0.00609182813930544,0.00117115095969277
1526,SE,2020-10-05,0.00168690014775201,0.00609182813930544,0.00117115095969277
1527,SE,2020-10-06,0.00135758552650753,0.00609182813930544,0.00117115095969277
1528,SE,2020-10-07,8.97826768632112e-4,0.00609182813930544,0.00117115095969277
1529,SE,2020-10-08,5.93637975158823e-4,0.00609182813930544,0.00117115095969277
1530,SE,2020-10-09,5.76305018679153e-4,0.00609182813930544,0.00117115095969277
1531,SE,2020-10-10,6.74670036229876e-4,0.00609182813930544,0.00117115095969277
1532,SE,2020-10-11,7.49875940517205e-4,0.00609182813930544,0.00117115095969277
1533,SE,2020-10-12,8.11385288266064e-4,0.00609182813930544,0.00117115095969277
1534,SE,2020-10-13,0.00117277089101591,0.00609182813930544,0.00117115095969277
1535,SE,2020-10-14,0.0019351622519303,0.00609182813930544,0.00117115095969277
1536,SE,2020-10-15,0.00218211819981037,0.00609182813930544,0.00117115095969277
1537,SE,2020-10-16,0.00184703173218005,0.00609182813930544,0.00117115095969277
1538,SE,2020-10-17,0.00130014028356592,0.00609182813930544,0.00117115095969277
1539,SE,2020-10-18,8.70331660750698e-4,0.00609182813930544,0.00117115095969277
1540,SE,2020-10-19,6.23830895817402e-4,0.00609182813930544,0.00117115095969277
1541,SE,2020-10-20,4.30881251771262e-4,0.00609182813930544,0.00117115095969277
1542,SE,2020-10-21,3.49449664274716e-4,0.00609182813930544,0.00117115095969277
1543,SE,2020-10-22,4.23911234632077e-4,0.00609182813930544,0.00117115095969277
1544,SE,2020-10-23,5.5925815037648e-4,0.00609182813930544,0.00117115095969277
1545,SE,2020-10-24,6.93877983925391e-4,0.00609182813930544,0.00117115095969277
1546,SE,2020-10-25,7.39807446812212e-4,0.00609182813930544,0.00117115095969277
1547,SE,2020-10-26,0.00145761927129885,0.00609182813930544,0.00117115095969277
1548,SE,2020-10-27,0.00232165206279851,0.00609182813930544,0.00117115095969277
1549,SE,2020-10-28,0.0043848691555138,0.00609182813930544,0.00117115095969277
1550,SE,2020-10-29,0.00819995111559451,0.00819995111559451,0.00117115095969277
1551,SE,2020-10-30,0.011996341252399,0.011996341252399,0.00117115095969277
1552,SE,2020-10-31,0.0213724626627181,0.0213724626627181,0.00117115095969277
1553,SE,2020-11-01,0.0277295448569587,0.0277295448569587,0.00117115095969277
1554,SE,2020-11-02,0.0300290251506255,0.0300290251506255,0.00117115095969277
3514,RO,2020-09-28,0.00318806314741739,0.00481621990280607,0.00117115095969277
3515,RO,2020-09-29,0.0030409257642528,0.00481621990280607,0.00117115095969277
3516,RO,2020-09-30,0.00550189558071196,0.00550189558071196,0.00117115095969277
3517,RO,2020-10-01,0.00551286221747085,0.00551286221747085,0.00117115095969277
3518,RO,2020-10-02,0.00559469033509207,0.00559469033509207,0.00117115095969277
3519,RO,2020-10-03,0.00559673192979165,0.00559673192979165,0.00117115095969277
3520,RO,2020-10-04,0.00524141657630408,0.00641911651135196,0.00117115095969277
3521,RO,2020-10-05,0.00687922462015013,0.00687922462015013,0.00117115095969277
3522,RO,2020-10-06,0.00815189927943165,0.00815189927943165,0.00117115095969277
3523,RO,2020-10-07,0.00510321615062439,0.00597858949144089,0.00117115095969277
3524,RO,2020-10-08,0.00628069735278661,0.00700236725869235,0.00117115095969277
3525,RO,2020-10-09,0.0064410204956983,0.00700236725869235,0.00117115095969277
3526,RO,2020-10-10,0.00640703921948199,0.00700236725869235,0.00117115095969277
3527,RO,2020-10-11,0.0061685070355299,0.00700236725869235,0.00117115095969277
3528,RO,2020-10-12,0.00405788127747091,0.00700236725869235,0.00117115095969277
3529,RO,2020-10-13,0.00397668342658133,0.00597858949144089,0.00117115095969277
3530,RO,2020-10-14,0.0048088093192464,0.00597858949144089,0.00117115095969277
3531,RO,2020-10-15,0.00447739017473879,0.00700236725869235,0.00117115095969277
3532,RO,2020-10-16,0.00421136402172437,0.00700236725869235,0.00117115095969277
3533,RO,2020-10-17,0.00407985621863266,0.00700236725869235,0.00117115095969277
3534,RO,2020-10-18,0.00418862275190882,0.00731119339231928,0.00117115095969277
3535,RO,2020-10-19,0.00394640877191515,0.0066488472906962,0.00117115095969277
3536,RO,2020-10-20,0.00195103833550834,0.00691197698444579,0.00117115095969277
3537,RO,2020-10-21,0.0015038128999871,0.00691197698444579,0.00117115095969277
3538,RO,2020-10-22,0.0015975664390621,0.00809526945797597,0.00117115095969277
3539,RO,2020-10-23,0.00173576331441027,0.00878735671220325,0.00117115095969277
3540,RO,2020-10-24,0.00259473981314215,0.00897221594197737,0.00117115095969277
3541,RO,2020-10-25,0.00235185717837699,0.00923637295342465,0.00117115095969277
3542,RO,2020-10-26,0.00226535798162838,0.00907014587011962,0.00117115095969277
3543,RO,2020-10-27,0.00237022878634053,0.00917384109528233,0.00117115095969277
3544,RO,2020-10-28,0.00305751430343782,0.00917384109528233,0.00117115095969277
3545,RO,2020-10-29,0.00380319388855849,0.0101976188625338,0.00117115095969277
3546,RO,2020-10-30,0.00491039689776217,0.00984256796202099,0.00117115095969277
3547,RO,2020-10-31,0.00404516727064069,0.00984256796202099,0.00117115095969277
3548,RO,2020-11-01,0.00521601831531398,0.00984256796202099,0.00117115095969277
3549,RO,2020-11-02,0.00671654896273039,0.00984256796202099,0.00117115095969277
4462,CZ,2020-08-18,0.0228770820184183,0.0228770820184183,0.00117115095969277
4463,CZ,2020-08-19,0.0199261193035148,0.0199261193035148,0.00117115095969277
4464,CZ,2020-08-20,0.0125179690100963,0.0125179690100963,0.00117115095969277
4465,CZ,2020-08-21,0.00970622035149968,0.00970622035149968,0.00117115095969277
4466,CZ,2020-08-22,0.00779112506487095,0.00779112506487095,0.00117115095969277
4467,CZ,2020-08-23,0.00648346074203379,0.00648346074203379,0.00117115095969277
4468,CZ,2020-08-24,0.00387074437442443,0.00785697096864796,0.00117115095969277
4469,CZ,2020-08-25,0.00211495531620229,0.0122431128508444,0.00117115095969277
4470,CZ,2020-08-26,0.00249215543858821,0.0129830990559374,0.00117115095969277
4471,CZ,2020-08-27,0.00159677876985614,0.0134863318112551,0.00117115095969277
4472,CZ,2020-08-28,0.00115742958706528,0.0141173720170472,0.00117115095969277
4473,CZ,2020-08-29,0.00130903028159893,0.0142973325026912,0.00117115095969277
4474,CZ,2020-08-30,0.00142665965270652,0.0142973325026912,0.00117115095969277
4475,CZ,2020-08-31,0.00151487293276729,0.0142973325026912,0.00117115095969277
4476,CZ,2020-09-01,0.00250018257411231,0.0142973325026912,0.00117115095969277
4477,CZ,2020-09-02,0.00185889345922236,0.0142973325026912,0.00117115095969277
4478,CZ,2020-09-03,0.00211743369997591,0.0137940997473736,0.00117115095969277
4479,CZ,2020-09-04,0.00255103031524064,0.0142973325026912,0.00117115095969277
4480,CZ,2020-09-05,0.00299515413932906,0.012475335527008,0.00117115095969277
4481,CZ,2020-09-06,0.00334851387586307,0.0114602362903369,0.00117115095969277
4482,CZ,2020-09-07,0.00358460841929409,0.0101920108288969,0.00117115095969277
4483,CZ,2020-09-08,0.00360522093159567,0.0100315985777459,0.00117115095969277
4484,CZ,2020-09-09,0.00387841926855721,0.00898276557745096,0.00117115095969277
4485,CZ,2020-09-10,0.00395648438319649,0.00898276557745096,0.00117115095969277
4486,CZ,2020-09-11,0.00380730848116204,0.00885989261168187,0.00117115095969277
4487,CZ,2020-09-12,0.00361440976323278,0.00885989261168187,0.00117115095969277
4488,CZ,2020-09-13,0.00341086377031477,0.00885989261168187,0.00117115095969277
4489,CZ,2020-09-14,0.00364644611982442,0.00885989261168187,0.00117115095969277
4490,CZ,2020-09-15,0.00383625846253546,0.00885989261168187,0.00117115095969277
4491,CZ,2020-09-16,0.0035776559393637,0.00896240629691792,0.00117115095969277
4492,CZ,2020-09-17,0.00354275874664694,0.0101592962801431,0.00117115095969277
4493,CZ,2020-09-18,0.00571535399116679,0.0113233488251444,0.00117115095969277
4494,CZ,2020-09-19,0.00662327049038388,0.0113233488251444,0.00117115095969277
4495,CZ,2020-09-20,0.00711494591378389,0.0113233488251444,0.00117115095969277
4496,CZ,2020-09-21,0.00508628498247442,0.0113233488251444,0.00117115095969277
4497,CZ,2020-09-22,0.00401030129837102,0.0113233488251444,0.00117115095969277
4498,CZ,2020-09-23,0.00379500660152332,0.00992226994162229,0.00117115095969277
4499,CZ,2020-09-24,0.0036354530416958,0.00739505721083556,0.00117115095969277
4500,CZ,2020-09-25,0.00297242054123477,0.00739505721083556,0.00117115095969277
4501,CZ,2020-09-26,0.0028234879302381,0.00739505721083556,0.00117115095969277
4502,CZ,2020-09-27,0.00200333251412053,0.00759169688573302,0.00117115095969277
4503,CZ,2020-09-28,0.00205409048167303,0.00759169688573302,0.00117115095969277
4504,CZ,2020-09-29,0.00149800843092208,0.00759169688573302,0.00117115095969277
4505,CZ,2020-09-30,0.00170411969424724,0.00759169688573302,0.00117115095969277
4506,CZ,2020-10-01,0.00196472895392436,0.00759169688573302,0.00117115095969277
4507,CZ,2020-10-02,0.00198616662888476,0.00759169688573302,0.00117115095969277
4508,CZ,2020-10-03,0.00205810585988946,0.00785174650589874,0.00117115095969277
4509,CZ,2020-10-04,0.00224837057290437,0.00785174650589874,0.00117115095969277
4510,CZ,2020-10-05,0.00226827978414762,0.00785174650589874,0.00117115095969277
4511,CZ,2020-10-06,0.00243993553117359,0.00785174650589874,0.00117115095969277
4512,CZ,2020-10-07,0.00215484501548474,0.0080592696908772209,0.00117115095969277
4513,CZ,2020-10-08,0.0017193612161234,0.0080592696908772209,0.00117115095969277
4514,CZ,2020-10-09,0.00199874419582654,0.0080592696908772209,0.00117115095969277
4515,CZ,2020-10-10,0.00232757888379346,0.0080592696908772209,0.00117115095969277
4516,CZ,2020-10-11,0.00256062763211649,0.0080592696908772209,0.00117115095969277
4517,CZ,2020-10-12,0.002751307442078,0.0080592696908772209,0.00117115095969277
4518,CZ,2020-10-13,0.00302589938026429,0.0080592696908772209,0.00117115095969277
4519,CZ,2020-10-14,0.00472732894136417,0.0080592696908772209,0.00117115095969277
4520,CZ,2020-10-15,0.00487549553195172,0.0080592696908772209,0.00117115095969277
4521,CZ,2020-10-16,0.00454872396002094,0.0080592696908772209,0.00117115095969277
4522,CZ,2020-10-17,0.00443860940927415,0.0080592696908772209,0.00117115095969277
4523,CZ,2020-10-18,0.00483144242435292,0.00836809582450416,0.00117115095969277
4524,CZ,2020-10-19,0.00722630447868295,0.00836809582450416,0.00117115095969277
4525,CZ,2020-10-20,0.00723720033343424,0.00836809582450416,0.00117115095969277
4526,CZ,2020-10-21,0.00390982793532637,0.00836809582450416,0.00117115095969277
4527,CZ,2020-10-22,0.00338202418886185,0.00836809582450416,0.00117115095969277
4528,CZ,2020-10-23,0.00299385394483573,0.00863175491257735,0.00117115095969277
4529,CZ,2020-10-24,0.00273099235235466,0.0087174522017251,0.00117115095969277
4530,CZ,2020-10-25,0.00242961157086102,0.00917166138158132,0.00117115095969277
4531,CZ,2020-10-26,0.0015665916845815,0.0101596967139714,0.00117115095969277
4532,CZ,2020-10-27,0.00158381476588605,0.0105078424517972,0.00117115095969277
4533,CZ,2020-10-28,0.00200303485794965,0.0105078424517972,0.00117115095969277
4534,CZ,2020-10-29,0.00238674292658369,0.0105078424517972,0.00117115095969277
4535,CZ,2020-10-30,0.0025863016182613,0.0113385667257944,0.00117115095969277
4536,CZ,2020-10-31,0.00328926377411069,0.012203530845053,0.00117115095969277
4537,CZ,2020-11-01,0.004047227177635,0.012203530845053,0.00117115095969277
4538,CZ,2020-11-02,0.00521426388853469,0.012203530845053,0.00117115095969277
6460,IL,2020-09-14,0.00441308551204942,0.00441308551204942,0.00117115095969277
6461,IL,2020-09-15,0.00420263453091726,0.00420263453091726,0.00117115095969277
6462,IL,2020-09-16,0.00391604503451266,0.00391604503451266,0.00117115095969277
6463,IL,2020-09-17,0.00342587058374761,0.00342587058374761,0.00117115095969277
6464,IL,2020-09-18,0.00377920552150392,0.00377920552150392,0.00117115095969277
6465,IL,2020-09-19,0.00422042106532689,0.00422042106532689,0.00117115095969277
6466,IL,2020-09-20,0.00268018790610892,0.00307568062845332,0.00117115095969277
6467,IL,2020-09-21,0.00213431971132841,0.00307568062845332,0.00117115095969277
6468,IL,2020-09-22,0.00192522826730425,0.00307568062845332,0.00117115095969277
6469,IL,2020-09-23,0.00186194057864153,0.00307568062845332,0.00117115095969277
6470,IL,2020-09-24,0.00190626485739871,0.00332286389882355,0.00117115095969277
6471,IL,2020-09-25,0.00167620926704054,0.00345501134041491,0.00117115095969277
6472,IL,2020-09-26,0.00158357144571019,0.00345501134041491,0.00117115095969277
6473,IL,2020-09-27,0.00164329572005603,0.00348093677454568,0.00117115095969277
6474,IL,2020-09-28,0.0013128797005299,0.00348093677454568,0.00117115095969277
6475,IL,2020-09-29,0.00136575019500842,0.00348093677454568,0.00117115095969277
6476,IL,2020-09-30,0.00161200853348055,0.00348093677454568,0.00117115095969277
6477,IL,2020-10-01,0.00185514638204321,0.00348093677454568,0.00117115095969277
6478,IL,2020-10-02,0.00189150767323564,0.00348093677454568,0.00117115095969277
6479,IL,2020-10-03,0.00200624451614829,0.0039013059988639,0.00117115095969277
6480,IL,2020-10-04,0.00211466566671037,0.00436270389934013,0.00117115095969277
6481,IL,2020-10-05,0.00194842313759684,0.00452658411529988,0.00117115095969277
6482,IL,2020-10-06,0.00219820539988263,0.00473843146170204,0.00117115095969277
6483,IL,2020-10-07,0.00186398071240619,0.00494595464668052,0.00117115095969277
6484,IL,2020-10-08,0.00154305727555183,0.00494595464668052,0.00117115095969277
6485,IL,2020-10-09,0.00165224141187628,0.00494595464668052,0.00117115095969277
6486,IL,2020-10-10,0.00211569342174959,0.00494595464668052,0.00117115095969277
6487,IL,2020-10-11,0.00245834884112011,0.00528291715049938,0.00117115095969277
6488,IL,2020-10-12,0.00228203571515353,0.00528291715049938,0.00117115095969277
6489,IL,2020-10-13,0.0024954187113322,0.00528291715049938,0.00117115095969277
6490,IL,2020-10-14,0.00352207430789479,0.00528291715049938,0.00117115095969277
6491,IL,2020-10-15,0.00373770028366381,0.00528291715049938,0.00117115095969277
6492,IL,2020-10-16,0.00324983119333358,0.00540852940392441,0.00117115095969277
6493,IL,2020-10-17,0.00253794834211812,0.00566896819943906,0.00117115095969277
6494,IL,2020-10-18,0.00162229237579106,0.005977794333066,0.00117115095969277
6495,IL,2020-10-19,9.33580167807122e-4,0.00633922599869438,0.00117115095969277
6496,IL,2020-10-20,7.31975447508817e-4,0.00660235569244397,0.00117115095969277
6497,IL,2020-10-21,6.17933461386105e-4,0.00660235569244397,0.00117115095969277
6498,IL,2020-10-22,0.00143660210645696,0.00691801006064927,0.00117115095969277
6499,IL,2020-10-23,0.00150368280927166,0.00761009731487655,0.00117115095969277
6500,IL,2020-10-24,0.00155878735372248,0.00788890395232545,0.00117115095969277
6501,IL,2020-10-25,0.00163103278035533,0.00795216233093828,0.00117115095969277
6502,IL,2020-10-26,0.00179568242212787,0.00853788933594475,0.00117115095969277
6503,IL,2020-10-27,0.00174021881392294,0.00853788933594475,0.00117115095969277
6504,IL,2020-10-28,0.00204434896838681,0.00853788933594475,0.00117115095969277
6505,IL,2020-10-29,0.0023316909807717,0.00853788933594475,0.00117115095969277
6506,IL,2020-10-30,0.00366368335676188,0.00853788933594475,0.00117115095969277
6507,IL,2020-10-31,0.00489489229680863,0.00853788933594475,0.00117115095969277
6508,IL,2020-11-01,0.00640760327572839,0.00853788933594475,0.00117115095969277
6509,IL,2020-11-02,0.0122711128064639,0.0122711128064639,0.00117115095969277
9507,BG,2020-08-12,0,0.0100880267786557,0.00117115095969277
9508,BG,2020-08-13,0,0.0107526886141134,0.00117115095969277
9509,BG,2020-08-14,0,0.00963738081612666,0.00117115095969277
9510,BG,2020-08-15,2.42488030222137e-5,0.00897271898066898,0.00117115095969277
9511,BG,2020-08-16,0.00383606337249649,0.00897271898066898,0.00117115095969277
9512,BG,2020-08-17,0.00429055433052958,0.00897271898066898,0.00117115095969277
9513,BG,2020-08-18,0.00532657089050413,0.00939696165494909,0.00117115095969277
9514,BG,2020-08-19,0.00602445683655594,0.00939696165494909,0.00117115095969277
9515,BG,2020-08-20,0.00500959789212773,0.00939696165494909,0.00117115095969277
9516,BG,2020-08-21,0.004464746766226,0.00939696165494909,0.00117115095969277
9517,BG,2020-08-22,0.00406487668601677,0.00897271898066898,0.00117115095969277
9518,BG,2020-08-23,0.00177157250683458,0.00897271898066898,0.00117115095969277
9519,BG,2020-08-24,0.00119588879807544,0.01329387397846,0.00117115095969277
9520,BG,2020-08-25,0.00232617128694785,0.0174192504234825,0.00117115095969277
9521,BG,2020-08-26,0.00249664164358744,0.0178134897369261,0.00117115095969277
9522,BG,2020-08-27,0.00294695044101829,0.0188372675041776,0.00117115095969277
9523,BG,2020-08-28,0.00350593986586466,0.0197215687850027,0.00117115095969277
9524,BG,2020-08-29,0.00628187343566113,0.0202185973960861,0.00117115095969277
9525,BG,2020-08-30,0.00715841489368101,0.0202185973960861,0.00117115095969277
9526,BG,2020-08-31,0.00691535646923603,0.0198606171409595,0.00117115095969277
9527,BG,2020-09-01,0.00625940311779993,0.0198606171409595,0.00117115095969277
9528,BG,2020-09-02,0.00480975759267173,0.0198606171409595,0.00117115095969277
9529,BG,2020-09-03,0.00452797413867521,0.0198606171409595,0.00117115095969277
9530,BG,2020-09-04,0.00480077509173186,0.0202848598152396,0.00117115095969277
9531,BG,2020-09-05,0.0044199133606582,0.0187534115639408,0.00117115095969277
9532,BG,2020-09-06,0.00472819780719782,0.016280506331043,0.00117115095969277
9533,BG,2020-09-07,0.00491460485205098,0.0144146347527319,0.00117115095969277
9534,BG,2020-09-08,0.00498432066711066,0.0142542225015809,0.00117115095969277
9535,BG,2020-09-09,0.00503202000453029,0.013205389501286,0.00117115095969277
9536,BG,2020-09-10,0.00491683475356901,0.013205389501286,0.00117115095969277
9537,BG,2020-09-11,0.00467959287339311,0.0130825165355169,0.00117115095969277
9538,BG,2020-09-12,0.00439820450145028,0.0128906218382763,0.00117115095969277
9539,BG,2020-09-13,0.00407267231492742,0.0128906218382763,0.00117115095969277
9540,BG,2020-09-14,0.00371428349563963,0.0130825165355169,0.00117115095969277
9541,BG,2020-09-15,0.0026858091322215,0.0130825165355169,0.00117115095969277
9542,BG,2020-09-16,0.00218144521571123,0.0127061448219531,0.00117115095969277
9543,BG,2020-09-17,0.0019402471706383,0.0142145692207842,0.00117115095969277
9544,BG,2020-09-18,0.00237286290735053,0.0153085085053234,0.00117115095969277
9545,BG,2020-09-19,0.00269559333369452,0.0153085085053234,0.00117115095969277
9546,BG,2020-09-20,0.00266680345727664,0.0153085085053234,0.00117115095969277
9547,BG,2020-09-21,0.00243135528459608,0.0153085085053234,0.00117115095969277
9548,BG,2020-09-22,0.00222399227577876,0.0139319225875053,0.00117115095969277
9549,BG,2020-09-23,0.00225741650696627,0.0124229331899765,0.00117115095969277
9550,BG,2020-09-24,0.00221556114963003,0.00976676229930318,0.00117115095969277
9551,BG,2020-09-25,0.0020611420831548,0.00957279967223188,0.00117115095969277
9552,BG,2020-09-26,0.0018538127997446,0.00914855699795176,0.00117115095969277
9553,BG,2020-09-27,0.0017529177426396,0.0100698282833153,0.00117115095969277
9554,BG,2020-09-28,0.00176583075548888,0.0100698282833153,0.00117115095969277
9555,BG,2020-09-29,0.00199030922019168,0.00957279967223188,0.00117115095969277
9556,BG,2020-09-30,0.0023270319803803,0.0094547501816288,0.00117115095969277
9557,BG,2020-10-01,0.00379707865342174,0.0094547501816288,0.00117115095969277
9558,BG,2020-10-02,0.00405811848980813,0.00893105822525786,0.00117115095969277
9559,BG,2020-10-03,0.00412071096900209,0.00881445829764508,0.00117115095969277
9560,BG,2020-10-04,0.00427088848916175,0.00881445829764508,0.00117115095969277
9561,BG,2020-10-05,0.00449174107291705,0.00881445829764508,0.00117115095969277
9562,BG,2020-10-06,0.00455616773706565,0.00881445829764508,0.00117115095969277
9563,BG,2020-10-07,0.00420764895854439,0.00881445829764508,0.00117115095969277
9564,BG,2020-10-08,0.00198705775181123,0.00881445829764508,0.00117115095969277
9565,BG,2020-10-09,0.00210039531595526,0.00881445829764508,0.00117115095969277
9566,BG,2020-10-10,0.00456301731282728,0.00881445829764508,0.00117115095969277
9567,BG,2020-10-11,0.00450202627783616,0.00894599831872424,0.00117115095969277
9568,BG,2020-10-12,0.00413355647570461,0.00894599831872424,0.00117115095969277
9569,BG,2020-10-13,0.00397870128494029,0.00894599831872424,0.00117115095969277
9570,BG,2020-10-14,0.00480896981843106,0.00894599831872424,0.00117115095969277
9571,BG,2020-10-15,0.00497878917671884,0.00894599831872424,0.00117115095969277
9572,BG,2020-10-16,0.0045912786116097,0.00894599831872424,0.00117115095969277
9573,BG,2020-10-17,0.0036784753322687,0.00894599831872424,0.00117115095969277
9574,BG,2020-10-18,0.00349544905921939,0.00894599831872424,0.00117115095969277
9575,BG,2020-10-19,0.00323558635670106,0.00894599831872424,0.00117115095969277
9576,BG,2020-10-20,0.002820085772762,0.00894599831872424,0.00117115095969277
9577,BG,2020-10-21,0.00242396203660641,0.00894599831872424,0.00117115095969277
9578,BG,2020-10-22,0.0022833407539033,0.00894599831872424,0.00117115095969277
9579,BG,2020-10-23,0.00233854393544599,0.00894599831872424,0.00117115095969277
9580,BG,2020-10-24,0.00215694092443816,0.00894599831872424,0.00117115095969277
9581,BG,2020-10-25,0.00194751841638719,0.009293204539646,0.00117115095969277
9582,BG,2020-10-26,0.00178982530145649,0.0102185072252297,0.00117115095969277
9583,BG,2020-10-27,0.00181034241825966,0.0103222024503924,0.00117115095969277
9584,BG,2020-10-28,0.00230837162230514,0.0103222024503924,0.00117115095969277
9585,BG,2020-10-29,0.00275656058452716,0.0103222024503924,0.00117115095969277
9586,BG,2020-10-30,0.00323873532082454,0.0111293610043066,0.00117115095969277
9587,BG,2020-10-31,0.00465668080496346,0.0111293610043066,0.00117115095969277
9588,BG,2020-11-01,0.0058899823923082,0.0111293610043066,0.00117115095969277
9589,BG,2020-11-02,0.00792864024052966,0.0115638390458258,0.00117115095969277
10238,NL,2020-08-02,0.00104602518163541,0.00335886860952052,0.00117115095969277
10239,NL,2020-08-03,8.78734694283319e-4,0.00335886860952052,0.00117115095969277
10240,NL,2020-08-04,7.6103507274452e-4,0.00335886860952052,0.00117115095969277
10241,NL,2020-08-05,8.26446339476935e-4,0.00347058603567289,0.00117115095969277
10242,NL,2020-08-06,0.00168918916910028,0.00345709861229698,0.00117115095969277
10243,NL,2020-08-07,0.00168067224267928,0.00345709861229698,0.00117115095969277
10244,NL,2020-08-08,0.00257289868892591,0.00345709861229698,0.00117115095969277
10245,NL,2020-08-09,0.00178094384880233,0.00345709861229698,0.00117115095969277
10246,NL,2020-08-10,0.00159872097766665,0.00345709861229698,0.00117115095969277
10247,NL,2020-08-11,0.0014184396483969,0.00345709861229698,0.00117115095969277
10248,NL,2020-08-12,0.00128205119986851,0.00345709861229698,0.00117115095969277
10249,NL,2020-08-13,6.23830279237038e-4,0.00345709861229698,0.00117115095969277
10250,NL,2020-08-14,6.87831825689253e-4,0.00345709861229698,0.00117115095969277
10251,NL,2020-08-15,5.19258353596528e-6,0.00345709861229698,0.00117115095969277
10252,NL,2020-08-16,8.94598606238211e-5,0.00345709861229698,0.00117115095969277
10253,NL,2020-08-17,2.99344219277175e-4,0.00345709861229698,0.00117115095969277
10254,NL,2020-08-18,6.28671877869459e-4,0.00345709861229698,0.00117115095969277
10255,NL,2020-08-19,0.00110569705251952,0.00345709861229698,0.00117115095969277
10256,NL,2020-08-20,8.60987259829737e-4,0.00345709861229698,0.00117115095969277
10257,NL,2020-08-21,0.00143888695966224,0.00345709861229698,0.00117115095969277
10258,NL,2020-08-22,0.00119180531263157,0.00345709861229698,0.00117115095969277
10259,NL,2020-08-23,9.64164171362807e-4,0.00345709861229698,0.00117115095969277
10260,NL,2020-08-24,7.64740823860593e-4,0.00345709861229698,0.00117115095969277
10261,NL,2020-08-25,7.07663203037021e-4,0.00340464882450393,0.00117115095969277
10262,NL,2020-08-26,7.15176888211957e-4,0.00330586919434477,0.00117115095969277
10263,NL,2020-08-27,9.30480138262826e-4,0.00330586919434477,0.00117115095969277
10264,NL,2020-08-28,5.40240301875356e-4,0.00330586919434477,0.00117115095969277
10265,NL,2020-08-29,7.94659488382047e-4,0.00330586919434477,0.00117115095969277
10266,NL,2020-08-30,0.00100706152962231,0.00330586919434477,0.00117115095969277
10267,NL,2020-08-31,0.00162472875207865,0.00330586919434477,0.00117115095969277
11111,PL,2020-10-03,0.00553010726640044,0.00553010726640044,0.00117115095969277
11112,PL,2020-10-04,0.00531569946193195,0.00591631301069331,0.00117115095969277
11113,PL,2020-10-05,0.0049861100170219,0.00608019322665306,0.00117115095969277
11114,PL,2020-10-06,0.00737232932621296,0.00737232932621296,0.00117115095969277
11115,PL,2020-10-07,0.00604877809803663,0.0064995637580337,0.00117115095969277
11116,PL,2020-10-08,0.00671080662650768,0.00671080662650768,0.00117115095969277
11117,PL,2020-10-09,0.00692897937796874,0.00692897937796874,0.00117115095969277
11118,PL,2020-10-10,0.00710269933324096,0.00710269933324096,0.00117115095969277
11119,PL,2020-10-11,0.00709613079804304,0.00709613079804304,0.00117115095969277
11120,PL,2020-10-12,0.00705837195335625,0.00705837195335625,0.00117115095969277
11121,PL,2020-10-13,0.00578552112266293,0.00667027799880039,0.00117115095969277
11122,PL,2020-10-14,0.00642319970843311,0.00667027799880039,0.00117115095969277
11123,PL,2020-10-15,0.00717599880181387,0.00717599880181387,0.00117115095969277
11124,PL,2020-10-16,0.00703947941209295,0.00703947941209295,0.00117115095969277
11125,PL,2020-10-17,0.00807332866077851,0.00807332866077851,0.00117115095969277
11126,PL,2020-10-18,0.00962190117238629,0.00962190117238629,0.00117115095969277
11127,PL,2020-10-19,0.0116753847104488,0.0116753847104488,0.00117115095969277
11128,PL,2020-10-20,0.00957117838707215,0.00957117838707215,0.00117115095969277
11129,PL,2020-10-21,0.00878837492025747,0.00878837492025747,0.00117115095969277
11130,PL,2020-10-22,0.00386799356171657,0.00734053579805571,0.00117115095969277
11131,PL,2020-10-23,0.00382952410391977,0.00803262305228299,0.00117115095969277
11132,PL,2020-10-24,0.00252116795525102,0.00803262305228299,0.00117115095969277
11133,PL,2020-10-25,0.00230101132406651,0.00829678006373027,0.00117115095969277
11134,PL,2020-10-26,0.00147361329622342,0.00905462277687866,0.00117115095969277
11135,PL,2020-10-27,0.00156076713274251,0.00915831800204138,0.00117115095969277
11136,PL,2020-10-28,0.00209876280224116,0.00915831800204138,0.00117115095969277
11137,PL,2020-10-29,0.0024087045505079502,0.00915831800204138,0.00117115095969277
11138,PL,2020-10-30,0.00264373594287805,0.00982704486878003,0.00117115095969277
11139,PL,2020-10-31,0.0063495557432586,0.00982704486878003,0.00117115095969277
11140,PL,2020-11-01,0.00852747164178603,0.00982704486878003,0.00117115095969277
11141,PL,2020-11-02,0.0122366138015954,0.0122366138015954,0.00117115095969277
11470,MT,2020-08-02,5.17866423215776e-4,0.00609182813930544,0.00117115095969277
11471,MT,2020-08-03,5.14800545299313e-4,0.00609182813930544,0.00117115095969277
11472,MT,2020-08-04,0.0013361838664007,0.00609182813930544,0.00117115095969277
11473,MT,2020-08-05,0.00171870523676345,0.00609182813930544,0.00117115095969277
11474,MT,2020-08-06,0.0020618556521202,0.00609182813930544,0.00117115095969277
11475,MT,2020-08-07,0.0021678537999598,0.00609182813930544,0.00117115095969277
11476,MT,2020-08-08,0.00224502883389179,0.00609182813930544,0.00117115095969277
11477,MT,2020-08-09,0.00236486482561247,0.00609182813930544,0.00117115095969277
11478,MT,2020-08-10,0.00209205017215065,0.00609182813930544,0.00117115095969277
11479,MT,2020-08-11,0.00128534701720723,0.00609182813930544,0.00117115095969277
11480,MT,2020-08-12,7.9386078873086e-4,0.00609182813930544,0.00117115095969277
11481,MT,2020-08-13,7.64720857386672e-4,0.00609182813930544,0.00117115095969277
11482,MT,2020-08-14,7.47413249681494e-4,0.00609182813930544,0.00117115095969277
11483,MT,2020-08-15,4.97962717945434e-4,0.00609182813930544,0.00117115095969277
11484,MT,2020-08-16,5.00397195886354e-4,0.00609182813930544,0.00117115095969277
11485,MT,2020-08-17,7.5309766215886e-4,0.00609182813930544,0.00117115095969277
11486,MT,2020-08-18,5.59342671993811e-4,0.00609182813930544,0.00117115095969277
11487,MT,2020-08-19,8.58442523192588e-4,0.00609182813930544,0.00117115095969277
11488,MT,2020-08-20,0.00106515008988938,0.00609182813930544,0.00117115095969277
11489,MT,2020-08-21,0.00108565488833421,0.00609182813930544,0.00117115095969277
11490,MT,2020-08-22,0.0010712012660876,0.00609182813930544,0.00117115095969277
11491,MT,2020-08-23,0.00123398349076196,0.00609182813930544,0.00117115095969277
11492,MT,2020-08-24,0.00105875564434675,0.00609182813930544,0.00117115095969277
11493,MT,2020-08-25,0.00108043410419377,0.00609182813930544,0.00117115095969277
11494,MT,2020-08-26,9.60649952182922e-4,0.00609182813930544,0.00117115095969277
11495,MT,2020-08-27,7.82440812669702e-4,0.00609182813930544,0.00117115095969277
11496,MT,2020-08-28,8.13977392738234e-4,0.00609182813930544,0.00117115095969277
11497,MT,2020-08-29,8.22522085615385e-4,0.00609182813930544,0.00117115095969277
11498,MT,2020-08-30,8.02803980837961e-4,0.00609182813930544,0.00117115095969277
11499,MT,2020-08-31,0.00100382607723511,0.00609182813930544,0.00117115095969277
11500,MT,2020-09-01,0.00110280530784141,0.00609182813930544,0.00117115095969277
11501,MT,2020-09-02,0.0013231105545525,0.00609182813930544,0.00117115095969277
11502,MT,2020-09-03,0.00146633286513656,0.00609182813930544,0.00117115095969277
11503,MT,2020-09-04,0.00221248191848555,0.00609182813930544,0.00117115095969277
11504,MT,2020-09-05,0.00249470570628995,0.00609182813930544,0.00117115095969277
11505,MT,2020-09-06,0.00259506207231635,0.00609182813930544,0.00117115095969277
11506,MT,2020-09-07,0.00263368507894505,0.00609182813930544,0.00117115095969277
11507,MT,2020-09-08,0.00308670466242858,0.00609182813930544,0.00117115095969277
11508,MT,2020-09-09,0.00357824441591514,0.00609182813930544,0.00117115095969277
11509,MT,2020-09-10,0.00352967827588841,0.00609182813930544,0.00117115095969277
11510,MT,2020-09-11,0.00295891159228362,0.00609182813930544,0.00117115095969277
11511,MT,2020-09-12,0.00290545937453334,0.00609182813930544,0.00117115095969277
11512,MT,2020-09-13,0.00286258616783557,0.00609182813930544,0.00117115095969277
11513,MT,2020-09-14,0.00298173591390442,0.00609182813930544,0.00117115095969277
11514,MT,2020-09-15,0.00269028314062938,0.00609182813930544,0.00117115095969277
11515,MT,2020-09-16,0.00183250960303706,0.00609182813930544,0.00117115095969277
11516,MT,2020-09-17,0.00162563966639802,0.00609182813930544,0.00117115095969277
11517,MT,2020-09-18,0.00291730959260522,0.00609182813930544,0.00117115095969277
11518,MT,2020-09-19,0.00434499789429868,0.00609182813930544,0.00117115095969277
11519,MT,2020-09-20,0.00451207595130326,0.00609182813930544,0.00117115095969277
11520,MT,2020-09-21,0.00411400221132889,0.00609182813930544,0.00117115095969277
11521,MT,2020-09-22,0.00374287168851692,0.00609182813930544,0.00117115095969277
11522,MT,2020-09-23,0.00382025646165547,0.00609182813930544,0.00117115095969277
11523,MT,2020-09-24,0.00366286657326481,0.00609182813930544,0.00117115095969277
11524,MT,2020-09-25,0.00265760527131216,0.00609182813930544,0.00117115095969277
11525,MT,2020-09-26,0.0023991915870402,0.00609182813930544,0.00117115095969277
11526,MT,2020-09-27,0.00232086150659719,0.00609182813930544,0.00117115095969277
11527,MT,2020-09-28,0.0023593008394367,0.00609182813930544,0.00117115095969277
11528,MT,2020-09-29,0.00247006132575942,0.00609182813930544,0.00117115095969277
11529,MT,2020-09-30,0.00360429445886939,0.00609182813930544,0.00117115095969277
11530,MT,2020-10-01,0.0044319931881467,0.00609182813930544,0.00117115095969277
11531,MT,2020-10-02,0.00429339379382577,0.00609182813930544,0.00117115095969277
11532,MT,2020-10-03,0.00366631979439715,0.00609182813930544,0.00117115095969277
11533,MT,2020-10-04,0.00330435503707379,0.00609182813930544,0.00117115095969277
11534,MT,2020-10-05,0.00324935648322666,0.00609182813930544,0.00117115095969277
11535,MT,2020-10-06,0.00316966372051086,0.00609182813930544,0.00117115095969277
11536,MT,2020-10-07,0.00203029044532139,0.00609182813930544,0.00117115095969277
11537,MT,2020-10-08,9.34935401381009e-4,0.00609182813930544,0.00117115095969277
11538,MT,2020-10-09,0.00103259076203127,0.00609182813930544,0.00117115095969277
11539,MT,2020-10-10,0.0012636171231785,0.00609182813930544,0.00117115095969277
11540,MT,2020-10-11,0.00164581852336201,0.00609182813930544,0.00117115095969277
11541,MT,2020-10-12,0.00184215128079271,0.00609182813930544,0.00117115095969277
11542,MT,2020-10-13,0.00228280877542172,0.00609182813930544,0.00117115095969277
11543,MT,2020-10-14,0.00335365816066731,0.00609182813930544,0.00117115095969277
11544,MT,2020-10-15,0.00371846365399336,0.00609182813930544,0.00117115095969277
11545,MT,2020-10-16,0.00328253885547077,0.00609182813930544,0.00117115095969277
11546,MT,2020-10-17,0.00283868135338504,0.00609182813930544,0.00117115095969277
11547,MT,2020-10-18,0.00238321619722832,0.00609182813930544,0.00117115095969277
11548,MT,2020-10-19,0.00202606686019048,0.00609182813930544,0.00117115095969277
11549,MT,2020-10-20,0.00155612285280016,0.00609182813930544,0.00117115095969277
11550,MT,2020-10-21,0.00122847610530033,0.00609182813930544,0.00117115095969277
11551,MT,2020-10-22,0.00131591564823947,0.00609182813930544,0.00117115095969277
11552,MT,2020-10-23,0.00152490423140356,0.00609182813930544,0.00117115095969277
11553,MT,2020-10-24,0.00154572192516044,0.00609182813930544,0.00117115095969277
11554,MT,2020-10-25,0.0015137584559787,0.00609182813930544,0.00117115095969277
11555,MT,2020-10-26,0.00140570542644275,0.00609182813930544,0.00117115095969277
11556,MT,2020-10-27,0.00144767326187402,0.00609182813930544,0.00117115095969277
11557,MT,2020-10-28,0.00182946919533356,0.00609182813930544,0.00117115095969277
11558,MT,2020-10-29,0.00203432716995457,0.00609182813930544,0.00117115095969277
11559,MT,2020-10-30,0.00211442231025954,0.00609182813930544,0.00117115095969277
11560,MT,2020-10-31,0.0124870204597006,0.0124870204597006,0.00117115095969277
11561,MT,2020-11-01,0.015761112550969,0.015761112550969,0.00117115095969277
11562,MT,2020-11-02,0.0219687682828831,0.0219687682828831,0.00117115095969277
12117,ES,2020-08-18,0.00283698058929345,0.00316903621147326,0.00117115095969277
12118,ES,2020-08-19,0.00341045948195827,0.00341045948195827,0.00117115095969277
12119,ES,2020-08-20,0.00160830984509591,0.00316903621147326,0.00117115095969277
12120,ES,2020-08-21,0.00166705480402248,0.00316903621147326,0.00117115095969277
12121,ES,2020-08-22,0.00155795639401709,0.00316903621147326,0.00117115095969277
12122,ES,2020-08-23,0.00111717305021594,0.00316903621147326,0.00117115095969277
12123,ES,2020-08-24,6.51695807991177e-4,0.00316903621147326,0.00117115095969277
12124,ES,2020-08-25,4.91782150627047e-4,0.00316903621147326,0.00117115095969277
12125,ES,2020-08-26,4.68833332167346e-4,0.00390902241656632,0.00117115095969277
12126,ES,2020-08-27,6.44108726280944e-4,0.00390902241656632,0.00117115095969277
12127,ES,2020-08-28,7.40212700090207e-4,0.00454006262235845,0.00117115095969277
12128,ES,2020-08-29,8.0966932658551e-4,0.00454006262235845,0.00117115095969277
12129,ES,2020-08-30,9.26639109655232e-4,0.00454006262235845,0.00117115095969277
12130,ES,2020-08-31,0.00229214404160904,0.00454006262235845,0.00117115095969277
12131,ES,2020-09-01,0.00276107204485752,0.00454006262235845,0.00117115095969277
12132,ES,2020-09-02,0.00280520662219401,0.00454006262235845,0.00117115095969277
12133,ES,2020-09-03,0.003020497762562,0.00454006262235845,0.00117115095969277
12134,ES,2020-09-04,0.00354446181619129,0.00454006262235845,0.00117115095969277
12135,ES,2020-09-05,0.00398233740488033,0.00413957701812691,0.00117115095969277
12136,ES,2020-09-06,0.0041132749243633,0.00413957701812691,0.00117115095969277
12137,ES,2020-09-07,0.00364606650840502,0.00413957701812691,0.00117115095969277
12138,ES,2020-09-08,0.00387935690418342,0.00413957701812691,0.00117115095969277
12139,ES,2020-09-09,0.00400628289495934,0.00400628289495934,0.00117115095969277
12140,ES,2020-09-10,0.00381166222435275,0.00381166222435275,0.00117115095969277
12141,ES,2020-09-11,0.00403358334124146,0.00403358334124146,0.00117115095969277
12142,ES,2020-09-12,0.00381866991688645,0.00381866991688645,0.00117115095969277
12143,ES,2020-09-13,0.00350604250570815,0.00350604250570815,0.00117115095969277
12144,ES,2020-09-14,0.00316673872313178,0.00319700959403057,0.00117115095969277
12145,ES,2020-09-15,0.00263746543927373,0.00319700959403057,0.00117115095969277
12146,ES,2020-09-16,0.0021309537779909,0.00351349916618125,0.00117115095969277
12147,ES,2020-09-17,0.00206127114628243,0.00372263930482796,0.00117115095969277
12148,ES,2020-09-18,0.00154199193881968,0.00379275256529008,0.00117115095969277
12149,ES,2020-09-19,0.00155253468849422,0.00394270689595664,0.00117115095969277
12150,ES,2020-09-20,0.00159981303177445,0.00394270689595664,0.00117115095969277
12151,ES,2020-09-21,0.00181595789325055,0.00394270689595664,0.00117115095969277
12152,ES,2020-09-22,0.0018443040872208,0.00394270689595664,0.00117115095969277
12153,ES,2020-09-23,0.00192700164612164,0.00394270689595664,0.00117115095969277
12154,ES,2020-09-24,0.00189581979570074,0.0041831197307717,0.00117115095969277
12155,ES,2020-09-25,0.00183559488418201,0.0041831197307717,0.00117115095969277
12156,ES,2020-09-26,0.00164519842868616,0.0041831197307717,0.00117115095969277
12157,ES,2020-09-27,0.00246104530258796,0.00437975940566915,0.00117115095969277
12158,ES,2020-09-28,0.00256172073961769,0.00437975940566915,0.00117115095969277
12159,ES,2020-09-29,0.00375513451137648,0.00437975940566915,0.00117115095969277
12160,ES,2020-09-30,0.00390964819238666,0.00437975940566915,0.00117115095969277
12161,ES,2020-10-01,0.00383218965116229,0.00437975940566915,0.00117115095969277
12162,ES,2020-10-02,0.00440560647559592,0.00440560647559592,0.00117115095969277
12163,ES,2020-10-03,0.00532049401527803,0.00532049401527803,0.00117115095969277
12164,ES,2020-10-04,0.00434024345370913,0.00526152653046361,0.00117115095969277
12165,ES,2020-10-05,0.00429483281053205,0.00542540674642336,0.00117115095969277
12166,ES,2020-10-06,0.00325202578194867,0.00563725409282552,0.00117115095969277
12167,ES,2020-10-07,0.00303834299401459,0.005844777277804,0.00117115095969277
12168,ES,2020-10-08,0.00263787472834676,0.005844777277804,0.00117115095969277
12169,ES,2020-10-09,0.00199137643488108,0.005844777277804,0.00117115095969277
12170,ES,2020-10-10,0.00122776787744752,0.005844777277804,0.00117115095969277
12171,ES,2020-10-11,0.00139133215791819,0.00597631729888316,0.00117115095969277
12172,ES,2020-10-12,0.00169726432303928,0.00597631729888316,0.00117115095969277
12173,ES,2020-10-13,0.00214895235489579,0.00597631729888316,0.00117115095969277
12174,ES,2020-10-14,0.00316325081693859,0.00597631729888316,0.00117115095969277
12175,ES,2020-10-15,0.00414565007122795,0.00597631729888316,0.00117115095969277
12176,ES,2020-10-16,0.00383523998930462,0.00610192955230818,0.00117115095969277
12177,ES,2020-10-17,0.00355837035291857,0.00610192955230818,0.00117115095969277
12178,ES,2020-10-18,0.00376117900051001,0.00641075568593512,0.00117115095969277
12179,ES,2020-10-19,0.00331710263181165,0.0067721873515635,0.00117115095969277
12180,ES,2020-10-20,0.00287942248254662,0.00703531704531309,0.00117115095969277
12181,ES,2020-10-21,0.00253139241007935,0.00703531704531309,0.00117115095969277
12182,ES,2020-10-22,0.00128843765396137,0.00735097141351839,0.00117115095969277
12183,ES,2020-10-23,0.00144643123999281,0.00804305866774567,0.00117115095969277
12184,ES,2020-10-24,0.00148558275857167,0.00814222060837205,0.00117115095969277
12185,ES,2020-10-25,0.00147106881596605,0.00840637761981933,0.00117115095969277
12186,ES,2020-10-26,0.00145851493245482,0.00926392830376576,0.00117115095969277
12187,ES,2020-10-27,0.00157160023740862,0.00926392830376576,0.00117115095969277
12188,ES,2020-10-28,0.00221075742823466,0.0102877060710172,0.00117115095969277
12189,ES,2020-10-29,0.00258542903850565,0.0102877060710172,0.00117115095969277
12190,ES,2020-10-30,0.00297395039065335,0.0109564329377559,0.00117115095969277
12191,ES,2020-10-31,0.00469612075347251,0.0109564329377559,0.00117115095969277
12192,ES,2020-11-01,0.00701167381435851,0.0109564329377559,0.00117115095969277
12193,ES,2020-11-02,0.00975717723369965,0.0111434896132889,0.00117115095969277
