,Country,Lag,AUC
0,GD,0,0.5598455598455598
1,GD,1,0.5598455598455598
2,GD,2,0.5598455598455598
3,GD,3,0.5598455598455598
4,GD,4,0.5598455598455598
5,GD,5,0.5598455598455598
6,GD,6,0.5598455598455598
7,GD,7,0.5598455598455598
8,GD,8,0.5598455598455598
9,GD,9,0.5598455598455598
10,GD,10,0.5598455598455598
11,GD,11,0.5733590733590733
12,GD,12,0.5868725868725868
13,GD,13,0.5868725868725868
14,GD,14,0.5
15,GD,15,0.5
16,GD,16,0.5
17,GD,17,0.5
18,GD,18,0.5
19,GD,19,0.5
20,ID,0,0.5333333333333333
21,ID,1,0.5666666666666667
22,ID,2,0.5833333333333333
23,ID,3,0.6166666666666667
24,ID,4,0.6666666666666666
25,ID,5,0.7166666666666667
26,ID,6,0.7047619047619047
27,ID,7,0.7095238095238096
28,ID,8,0.7071428571428572
29,ID,9,0.7071428571428572
30,ID,10,0.7071428571428572
31,ID,11,0.7071428571428572
32,ID,12,0.5452380952380953
33,ID,13,0.6690476190476191
34,ID,14,0.7071428571428572
35,ID,15,0.5654761904761905
36,ID,16,0.6214285714285714
37,ID,17,0.569047619047619
38,ID,18,0.5773809523809524
39,ID,19,0.5059523809523809
40,MA,0,0.5
41,MA,1,0.5
42,MA,2,0.5
43,MA,3,0.5
44,MA,4,0.5
45,MA,5,0.5
46,MA,6,0.5
47,MA,7,0.5
48,MA,8,0.5
49,MA,9,0.5
50,MA,10,0.5
51,MA,11,0.5
52,MA,12,0.5
53,MA,13,0.5
54,MA,14,0.5
55,MA,15,0.5
56,MA,16,0.5
57,MA,17,0.5
58,MA,18,0.5
59,MA,19,0.5
60,CA,0,0.5535714285714286
61,CA,1,0.5357142857142857
62,CA,2,0.5178571428571428
63,CA,3,0.5
64,CA,4,0.5
65,CA,5,0.5
66,CA,6,0.5
67,CA,7,0.5
68,CA,8,0.5
69,CA,9,0.5
70,CA,10,0.5
71,CA,11,0.5
72,CA,12,0.5
73,CA,13,0.5
74,CA,14,0.5
75,CA,15,0.5
76,CA,16,0.5
77,CA,17,0.5
78,CA,18,0.5
79,CA,19,0.5
80,TL,0,0.53125
81,TL,1,0.634375
82,TL,2,0.615625
83,TL,3,0.6104166666666666
84,TL,4,0.5874999999999999
85,TL,5,0.5645833333333333
86,TL,6,0.6479166666666667
87,TL,7,0.7270833333333333
88,TL,8,0.7635416666666667
89,TL,9,0.7270833333333333
90,TL,10,0.7635416666666667
91,TL,11,0.834375
92,TL,12,0.746875
93,TL,13,0.7302083333333333
94,TL,14,0.6916666666666667
95,TL,15,0.7822916666666666
96,TL,16,0.825
97,TL,17,0.8114583333333333
98,TL,18,0.7250000000000001
99,TL,19,0.5770833333333334
100,AM,0,0.5
101,AM,1,0.5
102,AM,2,0.5
103,AM,3,0.5
104,AM,4,0.5185185185185185
105,AM,5,0.5185185185185185
106,AM,6,0.5185185185185185
107,AM,7,0.5185185185185185
108,AM,8,0.5185185185185185
109,AM,9,0.5185185185185185
110,AM,10,0.5
111,AM,11,0.5185185185185185
112,AM,12,0.5185185185185185
113,AM,13,0.5185185185185185
114,AM,14,0.5185185185185185
115,AM,15,0.5185185185185185
116,AM,16,0.5185185185185185
117,AM,17,0.5185185185185185
118,AM,18,0.5185185185185185
119,AM,19,0.5
120,FR,0,0.5
121,FR,1,0.5
122,FR,2,0.5
123,FR,3,0.5
124,FR,4,0.5
125,FR,5,0.5
126,FR,6,0.5
127,FR,7,0.5
128,FR,8,0.5
129,FR,9,0.5
130,FR,10,0.5
131,FR,11,0.5
132,FR,12,0.5
133,FR,13,0.5
134,FR,14,0.5
135,FR,15,0.5
136,FR,16,0.5
137,FR,17,0.5
138,FR,18,0.5
139,FR,19,0.5
140,PL,0,0.6081081081081081
141,PL,1,0.6081081081081081
142,PL,2,0.6081081081081081
143,PL,3,0.6081081081081081
144,PL,4,0.6081081081081081
145,PL,5,0.6081081081081081
146,PL,6,0.6081081081081081
147,PL,7,0.5135135135135135
148,PL,8,0.5
149,PL,9,0.5
150,PL,10,0.5
151,PL,11,0.5
152,PL,12,0.5
153,PL,13,0.5
154,PL,14,0.5
155,PL,15,0.5
156,PL,16,0.5
157,PL,17,0.5
158,PL,18,0.5
159,PL,19,0.5
160,KZ,0,0.5263157894736843
161,KZ,1,0.5263157894736843
162,KZ,2,0.5263157894736843
163,KZ,3,0.5263157894736843
164,KZ,4,0.5263157894736843
165,KZ,5,0.5263157894736843
166,KZ,6,0.5263157894736843
167,KZ,7,0.5263157894736843
168,KZ,8,0.5449561403508772
169,KZ,9,0.5416666666666667
170,KZ,10,0.6019736842105263
171,KZ,11,0.5877192982456141
172,KZ,12,0.606359649122807
173,KZ,13,0.5657894736842105
174,KZ,14,0.600877192982456
175,KZ,15,0.6118421052631579
176,KZ,16,0.5054824561403508
177,KZ,17,0.5153508771929824
178,KZ,18,0.5975877192982456
179,KZ,19,0.611842105263158
180,ML,0,0.5528735632183909
181,ML,1,0.535632183908046
182,ML,2,0.5471264367816092
183,ML,3,0.5471264367816092
184,ML,4,0.5471264367816092
185,ML,5,0.5632183908045977
186,ML,6,0.535632183908046
187,ML,7,0.6264367816091954
188,ML,8,0.5413793103448277
189,ML,9,0.5218390804597701
190,ML,10,0.5551724137931034
191,ML,11,0.6505747126436782
192,ML,12,0.5850574712643679
193,ML,13,0.5908045977011495
194,ML,14,0.5839080459770115
195,ML,15,0.6528735632183909
196,ML,16,0.6022988505747127
197,ML,17,0.6022988505747127
198,ML,18,0.6724137931034483
199,ML,19,0.5402298850574713
200,GE,0,0.5
201,GE,1,0.5
202,GE,2,0.5
203,GE,3,0.5
204,GE,4,0.5
205,GE,5,0.5
206,GE,6,0.5
207,GE,7,0.5
208,GE,8,0.5
209,GE,9,0.5
210,GE,10,0.5
211,GE,11,0.5
212,GE,12,0.5
213,GE,13,0.5
214,GE,14,0.5
215,GE,15,0.5
216,GE,16,0.5
217,GE,17,0.5
218,GE,18,0.5
219,GE,19,0.5
220,LU,0,0.6936507936507936
221,LU,1,0.680952380952381
222,LU,2,0.6904761904761905
223,LU,3,0.5301587301587302
224,LU,4,0.6412698412698412
225,LU,5,0.6825396825396826
226,LU,6,0.6730158730158731
227,LU,7,0.5746031746031746
228,LU,8,0.942857142857143
229,LU,9,0.7142857142857143
230,LU,10,0.692063492063492
231,LU,11,0.7142857142857143
232,LU,12,0.6666666666666666
233,LU,13,0.7222222222222222
234,LU,14,0.9285714285714287
235,LU,15,0.9428571428571428
236,LU,16,0.9142857142857144
237,LU,17,0.9142857142857144
238,LU,18,0.9142857142857144
239,LU,19,0.9
240,HT,0,0.6690340909090909
241,HT,1,0.5227272727272727
242,HT,2,0.7159090909090908
243,HT,3,0.5042613636363635
244,HT,4,0.6306818181818181
245,HT,5,0.6079545454545454
246,HT,6,0.7088068181818182
247,HT,7,0.7088068181818182
248,HT,8,0.6704545454545454
249,HT,9,0.6704545454545454
250,HT,10,0.6704545454545454
251,HT,11,0.5284090909090909
252,HT,12,0.5610795454545454
253,HT,13,0.59375
254,HT,14,0.59375
255,HT,15,0.59375
256,HT,16,0.59375
257,HT,17,0.59375
258,HT,18,0.59375
259,HT,19,0.53125
260,ZA,0,0.6273809523809524
261,ZA,1,0.638095238095238
262,ZA,2,0.6404761904761904
263,ZA,3,0.6488095238095238
264,ZA,4,0.6595238095238095
265,ZA,5,0.6178571428571429
266,ZA,6,0.6821428571428572
267,ZA,7,0.6416666666666666
268,ZA,8,0.6452380952380952
269,ZA,9,0.5023809523809524
270,ZA,10,0.5357142857142857
271,ZA,11,0.5416666666666667
272,ZA,12,0.5821428571428571
273,ZA,13,0.5821428571428571
274,ZA,14,0.5773809523809523
275,ZA,15,0.6666666666666666
276,ZA,16,0.6452380952380952
277,ZA,17,0.7047619047619048
278,ZA,18,0.7047619047619048
279,ZA,19,0.7023809523809524
280,CU,0,0.7448275862068965
281,CU,1,0.7034482758620689
282,CU,2,0.6022988505747127
283,CU,3,0.6045977011494252
284,CU,4,0.6114942528735632
285,CU,5,0.6528735632183909
286,CU,6,0.6459770114942529
287,CU,7,0.796551724137931
288,CU,8,0.6827586206896552
289,CU,9,0.6816091954022988
290,CU,10,0.5620689655172413
291,CU,11,0.5620689655172414
292,CU,12,0.6011494252873564
293,CU,13,0.6494252873563219
294,CU,14,0.6494252873563219
295,CU,15,0.6494252873563219
296,CU,16,0.6505747126436782
297,CU,17,0.6333333333333333
298,CU,18,0.6333333333333333
299,CU,19,0.6402298850574712
300,IL,0,0.8482905982905983
301,IL,1,0.6688034188034189
302,IL,2,0.8237179487179487
303,IL,3,0.8098290598290598
304,IL,4,0.8311965811965811
305,IL,5,0.7585470085470085
306,IL,6,0.8514957264957265
307,IL,7,0.766025641025641
308,IL,8,0.6089743589743589
309,IL,9,0.5811965811965811
310,IL,10,0.5064102564102565
311,IL,11,0.6623931623931624
312,IL,12,0.5128205128205129
313,IL,13,0.7393162393162394
314,IL,14,0.8803418803418804
315,IL,15,0.8365384615384617
316,IL,16,0.8632478632478633
317,IL,17,0.5715811965811965
318,IL,18,0.5021367521367521
319,IL,19,0.5064102564102564
320,SL,0,0.7382478632478633
321,SL,1,0.7382478632478633
322,SL,2,0.7382478632478633
323,SL,3,0.5555555555555556
324,SL,4,0.5555555555555556
325,SL,5,0.7104700854700855
326,SL,6,0.6378205128205128
327,SL,7,0.7574786324786325
328,SL,8,0.5480769230769231
329,SL,9,0.7371794871794872
330,SL,10,0.8782051282051281
331,SL,11,0.8653846153846154
332,SL,12,0.8012820512820513
333,SL,13,0.94017094017094
334,SL,14,0.8931623931623931
335,SL,15,0.8931623931623931
336,SL,16,0.9091880341880343
337,SL,17,0.9091880341880343
338,SL,18,0.8685897435897436
339,SL,19,0.8685897435897436
340,TZ,0,0.5
341,TZ,1,0.5
342,TZ,2,0.5
343,TZ,3,0.5
344,TZ,4,0.5
345,TZ,5,0.5
346,TZ,6,0.5
347,TZ,7,0.5
348,TZ,8,0.5
349,TZ,9,0.5
350,TZ,10,0.5
351,TZ,11,0.5
352,TZ,12,0.5
353,TZ,13,0.5
354,TZ,14,0.5
355,TZ,15,0.5
356,TZ,16,0.5
357,TZ,17,0.5
358,TZ,18,0.5
359,TZ,19,0.5
360,KH,0,0.6000000000000001
361,KH,1,0.5923076923076923
362,KH,2,0.6064102564102565
363,KH,3,0.5833333333333333
364,KH,4,0.5538461538461539
365,KH,5,0.558974358974359
366,KH,6,0.5461538461538462
367,KH,7,0.6717948717948719
368,KH,8,0.5653846153846154
369,KH,9,0.5653846153846154
370,KH,10,0.6628205128205128
371,KH,11,0.6423076923076922
372,KH,12,0.617948717948718
373,KH,13,0.6346153846153846
374,KH,14,0.7448717948717949
375,KH,15,0.7166666666666667
376,KH,16,0.7987179487179488
377,KH,17,0.8435897435897436
378,KH,18,0.7628205128205128
379,KH,19,0.5935897435897436
380,RW,0,0.7619047619047619
381,RW,1,0.8261904761904761
382,RW,2,0.8380952380952381
383,RW,3,0.5119047619047619
384,RW,4,0.8095238095238095
385,RW,5,0.7595238095238095
386,RW,6,0.7214285714285714
387,RW,7,0.730952380952381
388,RW,8,0.5857142857142857
389,RW,9,0.555952380952381
390,RW,10,0.6178571428571429
391,RW,11,0.6261904761904762
392,RW,12,0.6333333333333333
393,RW,13,0.8154761904761905
394,RW,14,0.5119047619047619
395,RW,15,0.513095238095238
396,RW,16,0.8023809523809524
397,RW,17,0.7071428571428572
398,RW,18,0.5011904761904762
399,RW,19,0.5416666666666667
400,AE,0,0.5015873015873016
401,AE,1,0.5015873015873016
402,AE,2,0.5015873015873016
403,AE,3,0.5015873015873016
404,AE,4,0.5015873015873016
405,AE,5,0.5015873015873016
406,AE,6,0.5015873015873016
407,AE,7,0.5015873015873016
408,AE,8,0.5015873015873016
409,AE,9,0.5015873015873016
410,AE,10,0.5015873015873016
411,AE,11,0.5015873015873016
412,AE,12,0.5015873015873016
413,AE,13,0.5
414,AE,14,0.5
415,AE,15,0.5
416,AE,16,0.5
417,AE,17,0.5
418,AE,18,0.5
419,AE,19,0.5428571428571429
420,TH,0,0.7451923076923077
421,TH,1,0.6899038461538461
422,TH,2,0.6899038461538461
423,TH,3,0.6899038461538461
424,TH,4,0.6899038461538461
425,TH,5,0.6466346153846154
426,TH,6,0.9471153846153846
427,TH,7,0.625
428,TH,8,0.625
429,TH,9,0.59375
430,TH,10,0.6850961538461539
431,TH,11,0.53125
432,TH,12,0.75
433,TH,13,0.6959134615384615
434,TH,14,0.6430288461538461
435,TH,15,0.7524038461538461
436,TH,16,0.7944711538461539
437,TH,17,0.7560096153846154
438,TH,18,0.6850961538461539
439,TH,19,0.5685096153846154
440,VA,0,0.5
441,VA,1,0.5
442,VA,2,0.5
443,VA,3,0.5
444,VA,4,0.5
445,VA,5,0.5
446,VA,6,0.5
447,VA,7,0.5
448,VA,8,0.5
449,VA,9,0.5
450,VA,10,0.5
451,VA,11,0.5
452,VA,12,0.5
453,VA,13,0.5
454,VA,14,0.5
455,VA,15,0.5
456,VA,16,0.5
457,VA,17,0.5
458,VA,18,0.5
459,VA,19,0.5
460,JP,0,0.5877192982456141
461,JP,1,0.7521929824561404
462,JP,2,0.7390350877192983
463,JP,3,0.5942982456140351
464,JP,4,0.8245614035087719
465,JP,5,0.9122807017543859
466,JP,6,0.9824561403508772
467,JP,7,0.9890350877192983
468,JP,8,0.9890350877192983
469,JP,9,0.9890350877192983
470,JP,10,0.993421052631579
471,JP,11,0.9978070175438597
472,JP,12,0.9978070175438597
473,JP,13,0.9671052631578947
474,JP,14,0.993421052631579
475,JP,15,0.9583333333333334
476,JP,16,0.712719298245614
477,JP,17,0.9451754385964912
478,JP,18,0.9714912280701754
479,JP,19,0.5723684210526316
480,SO,0,0.6845238095238095
481,SO,1,0.6452380952380952
482,SO,2,0.611904761904762
483,SO,3,0.6952380952380952
484,SO,4,0.5964285714285714
485,SO,5,0.6571428571428571
486,SO,6,0.6595238095238096
487,SO,7,0.7166666666666667
488,SO,8,0.7226190476190476
489,SO,9,0.8261904761904761
490,SO,10,0.7857142857142857
491,SO,11,0.8023809523809524
492,SO,12,0.7273809523809524
493,SO,13,0.7416666666666667
494,SO,14,0.594047619047619
495,SO,15,0.6142857142857142
496,SO,16,0.5047619047619047
497,SO,17,0.5107142857142857
498,SO,18,0.5107142857142857
499,SO,19,0.575
500,LV,0,0.5
501,LV,1,0.75
502,LV,2,0.75
503,LV,3,0.75
504,LV,4,0.75
505,LV,5,0.75
506,LV,6,0.75
507,LV,7,0.75
508,LV,8,0.75
509,LV,9,0.75
510,LV,10,0.75
511,LV,11,0.75
512,LV,12,0.75
513,LV,13,0.75
514,LV,14,0.75
515,LV,15,0.75
516,LV,16,0.5
517,LV,17,0.5
518,LV,18,0.5
519,LV,19,0.5
520,UG,0,0.6421052631578946
521,UG,1,0.6421052631578946
522,UG,2,0.6421052631578946
523,UG,3,0.6421052631578946
524,UG,4,0.6421052631578946
525,UG,5,0.6421052631578946
526,UG,6,0.6421052631578946
527,UG,7,0.6421052631578946
528,UG,8,0.6421052631578946
529,UG,9,0.5800000000000001
530,UG,10,0.5800000000000001
531,UG,11,0.6126315789473684
532,UG,12,0.6273684210526316
533,UG,13,0.6389473684210526
534,UG,14,0.8652631578947368
535,UG,15,0.8368421052631579
536,UG,16,0.8505263157894736
537,UG,17,0.863157894736842
538,UG,18,0.863157894736842
539,UG,19,0.863157894736842
540,SM,0,0.6241830065359477
541,SM,1,0.6481481481481481
542,SM,2,0.655773420479303
543,SM,3,0.5021786492374727
544,SM,4,0.6557734204793029
545,SM,5,0.5925925925925926
546,SM,6,0.5206971677559913
547,SM,7,0.5882352941176471
548,SM,8,0.6721132897603487
549,SM,9,0.6623093681917213
550,SM,10,0.659041394335512
551,SM,11,0.6318082788671024
552,SM,12,0.6666666666666667
553,SM,13,0.710239651416122
554,SM,14,0.6230936819172114
555,SM,15,0.6557734204793029
556,SM,16,0.7483660130718954
557,SM,17,0.8289760348583878
558,SM,18,0.7516339869281046
559,SM,19,0.6601307189542486
560,IS,0,0.5044444444444444
561,IS,1,0.5599999999999999
562,IS,2,0.5800000000000001
563,IS,3,0.5800000000000001
564,IS,4,0.6100000000000001
565,IS,5,0.6300000000000001
566,IS,6,0.6100000000000001
567,IS,7,0.51
568,IS,8,0.5488888888888889
569,IS,9,0.5844444444444443
570,IS,10,0.6222222222222222
571,IS,11,0.6288888888888888
572,IS,12,0.6088888888888888
573,IS,13,0.6222222222222222
574,IS,14,0.6222222222222222
575,IS,15,0.7055555555555555
576,IS,16,0.72
577,IS,17,0.7966666666666666
578,IS,18,0.798888888888889
579,IS,19,0.8133333333333334
580,HU,0,0.5
581,HU,1,0.5
582,HU,2,0.5
583,HU,3,0.5192307692307692
584,HU,4,0.5192307692307692
585,HU,5,0.5384615384615384
586,HU,6,0.5576923076923077
587,HU,7,0.5576923076923077
588,HU,8,0.5961538461538461
589,HU,9,0.5961538461538461
590,HU,10,0.5
591,HU,11,0.5
592,HU,12,0.5
593,HU,13,0.5
594,HU,14,0.5
595,HU,15,0.5
596,HU,16,0.5
597,HU,17,0.5
598,HU,18,0.5
599,HU,19,0.5
600,BF,0,0.598529411764706
601,BF,1,0.5955882352941176
602,BF,2,0.5691176470588235
603,BF,3,0.5441176470588236
604,BF,4,0.6073529411764705
605,BF,5,0.6352941176470588
606,BF,6,0.6808823529411765
607,BF,7,0.7235294117647059
608,BF,8,0.7132352941176471
609,BF,9,0.6661764705882354
610,BF,10,0.5911764705882353
611,BF,11,0.6529411764705881
612,BF,12,0.6529411764705881
613,BF,13,0.6529411764705881
614,BF,14,0.575
615,BF,15,0.6
616,BF,16,0.575
617,BF,17,0.575
618,BF,18,0.575
619,BF,19,0.575
620,UY,0,0.5183908045977011
621,UY,1,0.6689655172413793
622,UY,2,0.5
623,UY,3,0.5252873563218392
624,UY,4,0.6712643678160921
625,UY,5,0.6011494252873564
626,UY,6,0.7206896551724138
627,UY,7,0.5517241379310345
628,UY,8,0.5643678160919541
629,UY,9,0.5517241379310345
630,UY,10,0.5643678160919541
631,UY,11,0.5517241379310345
632,UY,12,0.5517241379310345
633,UY,13,0.5517241379310345
634,UY,14,0.5459770114942528
635,UY,15,0.5482758620689655
636,UY,16,0.5218390804597701
637,UY,17,0.5459770114942528
638,UY,18,0.5103448275862069
639,UY,19,0.5379310344827587
640,SN,0,0.56
641,SN,1,0.5178947368421053
642,SN,2,0.5452631578947369
643,SN,3,0.5768421052631578
644,SN,4,0.5536842105263158
645,SN,5,0.5547368421052631
646,SN,6,0.52
647,SN,7,0.5
648,SN,8,0.5073684210526316
649,SN,9,0.5
650,SN,10,0.5
651,SN,11,0.5157894736842106
652,SN,12,0.5
653,SN,13,0.5452631578947369
654,SN,14,0.5263157894736843
655,SN,15,0.5642105263157895
656,SN,16,0.52
657,SN,17,0.5115789473684211
658,SN,18,0.5642105263157895
659,SN,19,0.5073684210526316
660,CO,0,0.5
661,CO,1,0.5
662,CO,2,0.5
663,CO,3,0.5
664,CO,4,0.5
665,CO,5,0.5
666,CO,6,0.7225672877846792
667,CO,7,0.8302277432712215
668,CO,8,0.7204968944099378
669,CO,9,0.7681159420289855
670,CO,10,0.6749482401656314
671,CO,11,0.5217391304347827
672,CO,12,0.510351966873706
673,CO,13,0.5745341614906831
674,CO,14,0.6873706004140787
675,CO,15,0.7515527950310559
676,CO,16,0.7898550724637681
677,CO,17,0.8457556935817805
678,CO,18,0.8416149068322981
679,CO,19,0.5238095238095238
680,BZ,0,0.6208333333333333
681,BZ,1,0.675
682,BZ,2,0.675
683,BZ,3,0.675
684,BZ,4,0.675
685,BZ,5,0.675
686,BZ,6,0.703125
687,BZ,7,0.5572916666666666
688,BZ,8,0.5479166666666667
689,BZ,9,0.54375
690,BZ,10,0.66875
691,BZ,11,0.75
692,BZ,12,0.7083333333333333
693,BZ,13,0.6937500000000001
694,BZ,14,0.5541666666666667
695,BZ,15,0.5020833333333334
696,BZ,16,0.6083333333333334
697,BZ,17,0.5229166666666667
698,BZ,18,0.7239583333333333
699,BZ,19,0.7937500000000001
700,CN,0,0.65
701,CN,1,0.5666666666666667
702,CN,2,0.6166666666666667
703,CN,3,0.5833333333333334
704,CN,4,0.55
705,CN,5,0.6
706,CN,6,0.5333333333333333
707,CN,7,0.7833333333333334
708,CN,8,0.5833333333333334
709,CN,9,0.575
710,CN,10,0.8392857142857143
711,CN,11,0.7178571428571429
712,CN,12,0.7750000000000001
713,CN,13,0.8119047619047619
714,CN,14,0.8047619047619048
715,CN,15,0.8452380952380952
716,CN,16,0.830952380952381
717,CN,17,0.8309523809523809
718,CN,18,0.6142857142857143
719,CN,19,0.7047619047619047
720,NZ,0,0.5740740740740741
721,NZ,1,0.5740740740740741
722,NZ,2,0.5740740740740741
723,NZ,3,0.5740740740740741
724,NZ,4,0.5740740740740741
725,NZ,5,0.5740740740740741
726,NZ,6,0.5925925925925926
727,NZ,7,0.6296296296296297
728,NZ,8,0.6296296296296297
729,NZ,9,0.6111111111111112
730,NZ,10,0.5925925925925926
731,NZ,11,0.5740740740740741
732,NZ,12,0.6742919389978214
733,NZ,13,0.5925925925925926
734,NZ,14,0.6296296296296297
735,NZ,15,0.5446623093681917
736,NZ,16,0.6851851851851851
737,NZ,17,0.6666666666666667
738,NZ,18,0.7450980392156863
739,NZ,19,0.7450980392156863
740,AD,0,0.5
741,AD,1,0.5
742,AD,2,0.5
743,AD,3,0.5
744,AD,4,0.5
745,AD,5,0.5
746,AD,6,0.5
747,AD,7,0.5
748,AD,8,0.5
749,AD,9,0.5
750,AD,10,0.5
751,AD,11,0.597972972972973
752,AD,12,0.597972972972973
753,AD,13,0.5608108108108109
754,AD,14,0.5743243243243243
755,AD,15,0.5608108108108109
756,AD,16,0.5743243243243243
757,AD,17,0.5743243243243243
758,AD,18,0.5608108108108109
759,AD,19,0.5608108108108109
760,CY,0,0.7004357298474946
761,CY,1,0.710239651416122
762,CY,2,0.568627450980392
763,CY,3,0.568627450980392
764,CY,4,0.568627450980392
765,CY,5,0.568627450980392
766,CY,6,0.6089324618736384
767,CY,7,0.5098039215686274
768,CY,8,0.5119825708061002
769,CY,9,0.6296296296296298
770,CY,10,0.6176470588235294
771,CY,11,0.5588235294117647
772,CY,12,0.6176470588235294
773,CY,13,0.5588235294117647
774,CY,14,0.6470588235294118
775,CY,15,0.664488017429194
776,CY,16,0.5
777,CY,17,0.6176470588235294
778,CY,18,0.5882352941176471
779,CY,19,0.6285403050108933
780,FI,0,0.5
781,FI,1,0.5
782,FI,2,0.5
783,FI,3,0.5
784,FI,4,0.5
785,FI,5,0.5
786,FI,6,0.5
787,FI,7,0.5
788,FI,8,0.5
789,FI,9,0.5
790,FI,10,0.5
791,FI,11,0.5
792,FI,12,0.5
793,FI,13,0.5
794,FI,14,0.5
795,FI,15,0.5
796,FI,16,0.5
797,FI,17,0.5
798,FI,18,0.5
799,FI,19,0.5
800,SI,0,0.5
801,SI,1,0.5
802,SI,2,0.5
803,SI,3,0.5
804,SI,4,0.5
805,SI,5,0.5
806,SI,6,0.5
807,SI,7,0.5
808,SI,8,0.5
809,SI,9,0.5
810,SI,10,0.5
811,SI,11,0.5
812,SI,12,0.5
813,SI,13,0.5
814,SI,14,0.5
815,SI,15,0.5
816,SI,16,0.5
817,SI,17,0.5
818,SI,18,0.5
819,SI,19,0.5
820,CH,0,0.6071428571428572
821,CH,1,0.6023809523809524
822,CH,2,0.65
823,CH,3,0.6
824,CH,4,0.6523809523809524
825,CH,5,0.65
826,CH,6,0.6571428571428573
827,CH,7,0.65
828,CH,8,0.6523809523809524
829,CH,9,0.6595238095238096
830,CH,10,0.6535714285714286
831,CH,11,0.5083333333333333
832,CH,12,0.5119047619047619
833,CH,13,0.7059523809523809
834,CH,14,0.7702380952380953
835,CH,15,0.7726190476190476
836,CH,16,0.7797619047619048
837,CH,17,0.7892857142857143
838,CH,18,0.6607142857142858
839,CH,19,0.7988095238095239
840,HN,0,0.6299019607843137
841,HN,1,0.6299019607843137
842,HN,2,0.6225490196078431
843,HN,3,0.6299019607843137
844,HN,4,0.6225490196078431
845,HN,5,0.6299019607843137
846,HN,6,0.6299019607843137
847,HN,7,0.6188725490196079
848,HN,8,0.6115196078431373
849,HN,9,0.5808823529411764
850,HN,10,0.5257352941176471
851,HN,11,0.5600490196078431
852,HN,12,0.5698529411764706
853,HN,13,0.5955882352941176
854,HN,14,0.5183823529411764
855,HN,15,0.5061274509803921
856,HN,16,0.5772058823529412
857,HN,17,0.5563725490196079
858,HN,18,0.5416666666666667
859,HN,19,0.5073529411764706
860,BS,0,0.807936507936508
861,BS,1,0.707936507936508
862,BS,2,0.7634920634920636
863,BS,3,0.6857142857142857
864,BS,4,0.6857142857142857
865,BS,5,0.5555555555555556
866,BS,6,0.6301587301587301
867,BS,7,0.8523809523809525
868,BS,8,0.6444444444444445
869,BS,9,0.638095238095238
870,BS,10,0.5968253968253968
871,BS,11,0.6682539682539683
872,BS,12,0.6714285714285715
873,BS,13,0.6714285714285715
874,BS,14,0.5428571428571429
875,BS,15,0.5984126984126984
876,BS,16,0.5857142857142857
877,BS,17,0.5952380952380952
878,BS,18,0.5650793650793651
879,BS,19,0.5238095238095237
880,NE,0,0.6461538461538461
881,NE,1,0.6461538461538461
882,NE,2,0.6461538461538461
883,NE,3,0.6461538461538461
884,NE,4,0.6461538461538461
885,NE,5,0.7102564102564103
886,NE,6,0.7102564102564103
887,NE,7,0.7102564102564103
888,NE,8,0.7166666666666667
889,NE,9,0.7205128205128205
890,NE,10,0.7038461538461539
891,NE,11,0.7038461538461539
892,NE,12,0.7038461538461539
893,NE,13,0.7038461538461539
894,NE,14,0.7025641025641026
895,NE,15,0.6679487179487179
896,NE,16,0.7923076923076923
897,NE,17,0.732051282051282
898,NE,18,0.7948717948717949
899,NE,19,0.7756410256410257
900,LY,0,0.5586124401913876
901,LY,1,0.5849282296650717
902,LY,2,0.5849282296650717
903,LY,3,0.5849282296650717
904,LY,4,0.5645933014354068
905,LY,5,0.562200956937799
906,LY,6,0.5657894736842105
907,LY,7,0.5657894736842106
908,LY,8,0.5657894736842106
909,LY,9,0.5849282296650717
910,LY,10,0.562200956937799
911,LY,11,0.507177033492823
912,LY,12,0.5167464114832536
913,LY,13,0.6064593301435407
914,LY,14,0.5944976076555024
915,LY,15,0.6136363636363636
916,LY,16,0.6626794258373206
917,LY,17,0.6578947368421052
918,LY,18,0.7392344497607656
919,LY,19,0.7224880382775118
920,KR,0,0.8625
921,KR,1,0.8625
922,KR,2,0.8625
923,KR,3,0.8625
924,KR,4,0.8625
925,KR,5,0.9500000000000001
926,KR,6,0.9437500000000001
927,KR,7,0.94375
928,KR,8,0.95
929,KR,9,0.95
930,KR,10,0.7625
931,KR,11,0.775
932,KR,12,0.775
933,KR,13,0.825
934,KR,14,0.93125
935,KR,15,0.925
936,KR,16,0.93125
937,KR,17,0.925
938,KR,18,0.93125
939,KR,19,0.93125
940,BY,0,0.5
941,BY,1,0.5
942,BY,2,0.5
943,BY,3,0.5
944,BY,4,0.5
945,BY,5,0.5
946,BY,6,0.5
947,BY,7,0.5
948,BY,8,0.5
949,BY,9,0.5
950,BY,10,0.5
951,BY,11,0.5
952,BY,12,0.5
953,BY,13,0.5
954,BY,14,0.5
955,BY,15,0.5
956,BY,16,0.5
957,BY,17,0.5
958,BY,18,0.5263157894736842
959,BY,19,0.5526315789473684
960,US,0,0.5403050108932462
961,US,1,0.5054466230936819
962,US,2,0.537037037037037
963,US,3,0.6579520697167757
964,US,4,0.6230936819172114
965,US,5,0.5272331154684096
966,US,6,0.5054466230936818
967,US,7,0.5098039215686274
968,US,8,0.5381263616557735
969,US,9,0.5468409586056646
970,US,10,0.5468409586056646
971,US,11,0.5577342047930283
972,US,12,0.5588235294117647
973,US,13,0.5588235294117647
974,US,14,0.5588235294117647
975,US,15,0.5588235294117647
976,US,16,0.5588235294117647
977,US,17,0.5588235294117647
978,US,18,0.5588235294117647
979,US,19,0.5294117647058824
980,BO,0,0.5671875000000001
981,BO,1,0.5703125
982,BO,2,0.5671875000000001
983,BO,3,0.5578125
984,BO,4,0.5578125
985,BO,5,0.5734375
986,BO,6,0.5984375
987,BO,7,0.58125
988,BO,8,0.5
989,BO,9,0.5
990,BO,10,0.525
991,BO,11,0.525
992,BO,12,0.525
993,BO,13,0.515625
994,BO,14,0.515625
995,BO,15,0.509375
996,BO,16,0.509375
997,BO,17,0.515625
998,BO,18,0.509375
999,BO,19,0.515625
1000,MK,0,0.6363636363636364
1001,MK,1,0.6579545454545455
1002,MK,2,0.5409090909090909
1003,MK,3,0.6534090909090908
1004,MK,4,0.5159090909090909
1005,MK,5,0.5545454545454546
1006,MK,6,0.55
1007,MK,7,0.5215909090909091
1008,MK,8,0.5181818181818181
1009,MK,9,0.5284090909090909
1010,MK,10,0.5284090909090909
1011,MK,11,0.5284090909090909
1012,MK,12,0.5647727272727272
1013,MK,13,0.5
1014,MK,14,0.5
1015,MK,15,0.5
1016,MK,16,0.5
1017,MK,17,0.5
1018,MK,18,0.5
1019,MK,19,0.5
1020,PT,0,0.5
1021,PT,1,0.5
1022,PT,2,0.5
1023,PT,3,0.5
1024,PT,4,0.5
1025,PT,5,0.5
1026,PT,6,0.5
1027,PT,7,0.5
1028,PT,8,0.5
1029,PT,9,0.5
1030,PT,10,0.5
1031,PT,11,0.5
1032,PT,12,0.5
1033,PT,13,0.5
1034,PT,14,0.5
1035,PT,15,0.5
1036,PT,16,0.5
1037,PT,17,0.5
1038,PT,18,0.5
1039,PT,19,0.5
1040,TN,0,0.5
1041,TN,1,0.5
1042,TN,2,0.5
1043,TN,3,0.5
1044,TN,4,0.5
1045,TN,5,0.5
1046,TN,6,0.5
1047,TN,7,0.5
1048,TN,8,0.5
1049,TN,9,0.5
1050,TN,10,0.5
1051,TN,11,0.5
1052,TN,12,0.5
1053,TN,13,0.5
1054,TN,14,0.5
1055,TN,15,0.5
1056,TN,16,0.5
1057,TN,17,0.5
1058,TN,18,0.5
1059,TN,19,0.5
1060,IE,0,0.5
1061,IE,1,0.5
1062,IE,2,0.5
1063,IE,3,0.5087719298245614
1064,IE,4,0.5679824561403509
1065,IE,5,0.5679824561403509
1066,IE,6,0.5679824561403509
1067,IE,7,0.513157894736842
1068,IE,8,0.513157894736842
1069,IE,9,0.513157894736842
1070,IE,10,0.513157894736842
1071,IE,11,0.513157894736842
1072,IE,12,0.513157894736842
1073,IE,13,0.513157894736842
1074,IE,14,0.513157894736842
1075,IE,15,0.513157894736842
1076,IE,16,0.513157894736842
1077,IE,17,0.513157894736842
1078,IE,18,0.513157894736842
1079,IE,19,0.5
1080,LC,0,0.5924479166666667
1081,LC,1,0.5013020833333334
1082,LC,2,0.5052083333333333
1083,LC,3,0.5846354166666666
1084,LC,4,0.6341145833333334
1085,LC,5,0.62109375
1086,LC,6,0.5416666666666667
1087,LC,7,0.609375
1088,LC,8,0.6822916666666666
1089,LC,9,0.5885416666666667
1090,LC,10,0.6210937500000001
1091,LC,11,0.6315104166666666
1092,LC,12,0.5299479166666667
1093,LC,13,0.5520833333333334
1094,LC,14,0.5768229166666667
1095,LC,15,0.5729166666666667
1096,LC,16,0.5638020833333333
1097,LC,17,0.5598958333333334
1098,LC,18,0.5598958333333334
1099,LC,19,0.6458333333333334
1100,IT,0,0.5
1101,IT,1,0.5
1102,IT,2,0.5
1103,IT,3,0.5
1104,IT,4,0.5
1105,IT,5,0.5
1106,IT,6,0.5
1107,IT,7,0.5
1108,IT,8,0.5
1109,IT,9,0.5
1110,IT,10,0.5
1111,IT,11,0.5
1112,IT,12,0.5
1113,IT,13,0.5
1114,IT,14,0.5
1115,IT,15,0.5
1116,IT,16,0.5
1117,IT,17,0.5
1118,IT,18,0.5
1119,IT,19,0.5
1120,ME,0,0.578125
1121,ME,1,0.51953125
1122,ME,2,0.51171875
1123,ME,3,0.5794270833333334
1124,ME,4,0.5091145833333333
1125,ME,5,0.6744791666666667
1126,ME,6,0.5533854166666666
1127,ME,7,0.58984375
1128,ME,8,0.6354166666666666
1129,ME,9,0.57421875
1130,ME,10,0.5625
1131,ME,11,0.5625
1132,ME,12,0.5625
1133,ME,13,0.6822916666666667
1134,ME,14,0.7044270833333333
1135,ME,15,0.7044270833333333
1136,ME,16,0.6940104166666667
1137,ME,17,0.8111979166666666
1138,ME,18,0.78515625
1139,ME,19,0.79296875
1140,DE,0,0.5769230769230769
1141,DE,1,0.5
1142,DE,2,0.5
1143,DE,3,0.5384615384615384
1144,DE,4,0.641439205955335
1145,DE,5,0.5992555831265509
1146,DE,6,0.641439205955335
1147,DE,7,0.6811414392059554
1148,DE,8,0.6761786600496278
1149,DE,9,0.6811414392059554
1150,DE,10,0.6786600496277916
1151,DE,11,0.6786600496277916
1152,DE,12,0.6786600496277916
1153,DE,13,0.6786600496277916
1154,DE,14,0.6761786600496278
1155,DE,15,0.6811414392059554
1156,DE,16,0.6786600496277916
1157,DE,17,0.6538461538461539
1158,DE,18,0.6153846153846154
1159,DE,19,0.5769230769230769
1160,MC,0,0.5882352941176471
1161,MC,1,0.6034858387799564
1162,MC,2,0.5446623093681917
1163,MC,3,0.5065359477124183
1164,MC,4,0.5392156862745098
1165,MC,5,0.6753812636165578
1166,MC,6,0.7331154684095861
1167,MC,7,0.5501089324618736
1168,MC,8,0.528322440087146
1169,MC,9,0.7167755991285403
1170,MC,10,0.6862745098039216
1171,MC,11,0.7385620915032679
1172,MC,12,0.75599128540305
1173,MC,13,0.7320261437908497
1174,MC,14,0.818082788671024
1175,MC,15,0.7745098039215687
1176,MC,16,0.7549019607843138
1177,MC,17,0.5642701525054468
1178,MC,18,0.7254901960784315
1179,MC,19,0.5544662309368192
1180,DM,0,0.738562091503268
1181,DM,1,0.738562091503268
1182,DM,2,0.738562091503268
1183,DM,3,0.6143790849673203
1184,DM,4,0.6013071895424836
1185,DM,5,0.5882352941176472
1186,DM,6,0.6535947712418301
1187,DM,7,0.522875816993464
1188,DM,8,0.5054466230936818
1189,DM,9,0.6535947712418301
1190,DM,10,0.6830065359477123
1191,DM,11,0.818082788671024
1192,DM,12,0.9041394335511983
1193,DM,13,0.906318082788671
1194,DM,14,0.9019607843137255
1195,DM,15,0.8311546840958607
1196,DM,16,0.7930283224400871
1197,DM,17,0.7930283224400871
1198,DM,18,0.7396514161220044
1199,DM,19,0.7429193899782134
1200,CD,0,0.8195652173913043
1201,CD,1,0.6402173913043478
1202,CD,2,0.6282608695652174
1203,CD,3,0.6597826086956521
1204,CD,4,0.6760869565217391
1205,CD,5,0.6760869565217391
1206,CD,6,0.6760869565217391
1207,CD,7,0.6543478260869564
1208,CD,8,0.5967391304347825
1209,CD,9,0.5304347826086957
1210,CD,10,0.5771739130434783
1211,CD,11,0.558695652173913
1212,CD,12,0.5130434782608695
1213,CD,13,0.5869565217391305
1214,CD,14,0.6336956521739131
1215,CD,15,0.55
1216,CD,16,0.5847826086956522
1217,CD,17,0.5206521739130434
1218,CD,18,0.5119565217391304
1219,CD,19,0.5347826086956522
1220,NO,0,0.5
1221,NO,1,0.5
1222,NO,2,0.5
1223,NO,3,0.5
1224,NO,4,0.5
1225,NO,5,0.5
1226,NO,6,0.5
1227,NO,7,0.5
1228,NO,8,0.5
1229,NO,9,0.5
1230,NO,10,0.5
1231,NO,11,0.5
1232,NO,12,0.5
1233,NO,13,0.5
1234,NO,14,0.5
1235,NO,15,0.5
1236,NO,16,0.5
1237,NO,17,0.5
1238,NO,18,0.5
1239,NO,19,0.5
1240,MN,0,0.7291666666666666
1241,MN,1,0.7291666666666667
1242,MN,2,0.7351190476190477
1243,MN,3,0.7604166666666666
1244,MN,4,0.7098214285714286
1245,MN,5,0.7098214285714286
1246,MN,6,0.7589285714285714
1247,MN,7,0.9404761904761905
1248,MN,8,0.8333333333333333
1249,MN,9,0.8333333333333333
1250,MN,10,0.875
1251,MN,11,0.875
1252,MN,12,0.875
1253,MN,13,0.9702380952380952
1254,MN,14,0.9717261904761905
1255,MN,15,0.9583333333333333
1256,MN,16,0.9583333333333333
1257,MN,17,0.9583333333333333
1258,MN,18,0.9583333333333333
1259,MN,19,0.9583333333333333
1260,DZ,0,0.5
1261,DZ,1,0.5
1262,DZ,2,0.5147058823529411
1263,DZ,3,0.5441176470588235
1264,DZ,4,0.573529411764706
1265,DZ,5,0.6029411764705882
1266,DZ,6,0.6323529411764706
1267,DZ,7,0.6617647058823529
1268,DZ,8,0.6911764705882353
1269,DZ,9,0.7205882352941176
1270,DZ,10,0.7352941176470589
1271,DZ,11,0.7647058823529411
1272,DZ,12,0.7941176470588236
1273,DZ,13,0.8088235294117647
1274,DZ,14,0.8382352941176471
1275,DZ,15,0.8676470588235294
1276,DZ,16,0.8970588235294117
1277,DZ,17,0.9117647058823529
1278,DZ,18,0.9411764705882353
1279,DZ,19,0.823529411764706
1280,MM,0,0.5
1281,MM,1,0.5
1282,MM,2,0.5
1283,MM,3,0.5
1284,MM,4,0.5
1285,MM,5,0.5
1286,MM,6,0.5
1287,MM,7,0.5
1288,MM,8,0.5
1289,MM,9,0.5
1290,MM,10,0.5
1291,MM,11,0.5
1292,MM,12,0.5
1293,MM,13,0.5
1294,MM,14,0.5
1295,MM,15,0.5
1296,MM,16,0.5
1297,MM,17,0.5
1298,MM,18,0.5
1299,MM,19,0.5172413793103448
